"","Date","Assay_Day","CPB_Group","Weight (g)","% Defoliation","Alive","Dead","Incapacitated","Pupating","Emerged Adults","Notes","GroupCore","Instar","avg_beetle_weight","defol_corrected","Treatment"
"1","06/20/2025",1,"3FC11",0.2212,NA,10,0,0,0,0,NA,"3FC11","3",0.02212,NA,"Control_Uninjected"
"2","06/21/2025",2,"3FC11",0.3554,33,9,1,0,0,0,NA,"3FC11","3",0.0394888888888889,3.66666666666667,"Control_Uninjected"
"3","06/22/2025",3,"3FC11",0.5691,30,9,0,0,0,0,NA,"3FC11","3",0.0632333333333333,3.33333333333333,"Control_Uninjected"
"4","06/23/2025",4,"3FC11",0.9545,50,9,0,0,0,0,NA,"3FC11","3",0.106055555555556,5.55555555555556,"Control_Uninjected"
"5","06/24/2025",5,"3FC11",0.9109,100,9,0,0,0,0,NA,"3FC11","3",0.101211111111111,11.1111111111111,"Control_Uninjected"
"6","06/25/2025",6,"3FC11",1.0408,90,8,1,0,0,0,NA,"3FC11","3",0.1301,11.25,"Control_Uninjected"
"7","06/26/2025",7,"3FC11",NA,NA,7,0,0,0,0,NA,"3FC11","3",NA,NA,"Control_Uninjected"
"8","06/27/2025",8,"3FC11",NA,NA,7,0,0,0,0,NA,"3FC11","3",NA,NA,"Control_Uninjected"
"9","06/28/2025",9,"3FC11",NA,NA,7,0,0,0,0,NA,"3FC11","3",NA,NA,"Control_Uninjected"
"10","06/29/2025",10,"3FC11",NA,NA,6,1,0,0,0,NA,"3FC11","3",NA,NA,"Control_Uninjected"
"11","06/30/2025",11,"3FC11",NA,NA,5,1,0,1,0,NA,"3FC11","3",NA,NA,"Control_Uninjected"
"12","07/01/2025",12,"3FC11",NA,NA,5,0,0,2,0,NA,"3FC11","3",NA,NA,"Control_Uninjected"
"13","07/02/2025",13,"3FC11",NA,NA,5,0,0,3,0,NA,"3FC11","3",NA,NA,"Control_Uninjected"
"14","07/03/2025",13,"3FC11",NA,NA,5,0,0,3,0,"*Emma stabbed on by mistake, I swear, it did not die organically","3FC11","3",NA,NA,"Control_Uninjected"
"15","07/04/2025",14,"3FC11",NA,NA,5,0,0,4,0,NA,"3FC11","3",NA,NA,"Control_Uninjected"
"16","07/05/2025",15,"3FC11",NA,NA,5,0,0,4,0,NA,"3FC11","3",NA,NA,"Control_Uninjected"
"17","07/06/2025",16,"3FC11",NA,NA,5,0,0,4,0,NA,"3FC11","3",NA,NA,"Control_Uninjected"
"18","07/07/2025",17,"3FC11",NA,NA,4,1,0,3,0,NA,"3FC11","3",NA,NA,"Control_Uninjected"
"19","07/08/2025",18,"3FC11",NA,NA,3,1,0,2,0,NA,"3FC11","3",NA,NA,"Control_Uninjected"
"20","07/09/2025",19,"3FC11",NA,NA,3,0,0,1,1,NA,"3FC11","3",NA,NA,"Control_Uninjected"
"21","07/10/2025",20,"3FC11",NA,NA,3,0,0,1,1,NA,"3FC11","3",NA,NA,"Control_Uninjected"
"22","07/11/2025",21,"3FC11",NA,NA,2,1,0,0,1,NA,"3FC11","3",NA,NA,"Control_Uninjected"
"23","07/12/2025",22,"3FC11",NA,NA,2,0,0,0,1,NA,"3FC11","3",NA,NA,"Control_Uninjected"
"24","07/13/2025",23,"3FC11",NA,NA,2,0,0,0,1,"*3FC1 eggs! 10","3FC11","3",NA,NA,"Control_Uninjected"
"25","07/14/2025",24,"3FC11",NA,NA,2,0,0,0,1,"*3FC1 eggs! 15","3FC11","3",NA,NA,"Control_Uninjected"
"26","07/15/2025",25,"3FC11",NA,NA,2,0,0,0,1,"*3FC1 eggs! 6","3FC11","3",NA,NA,"Control_Uninjected"
"27","07/16/2025",26,"3FC11",NA,NA,2,0,0,0,1,NA,"3FC11","3",NA,NA,"Control_Uninjected"
"28","07/17/2025",27,"3FC11",NA,NA,2,0,0,0,1,"*3FC1 eggs! 2","3FC11","3",NA,NA,"Control_Uninjected"
"29","07/18/2025",28,"3FC11",NA,NA,2,0,0,0,1,"*3FC1 evidence of eggs but eaten","3FC11","3",NA,NA,"Control_Uninjected"
"30","06/20/2025",1,"3FC12",0.2497,NA,10,0,0,0,0,NA,"3FC12","3",0.02497,NA,"Control_Uninjected"
"31","06/21/2025",2,"3FC12",0.4489,40,10,0,0,0,0,NA,"3FC12","3",0.04489,4,"Control_Uninjected"
"32","06/22/2025",3,"3FC12",0.7922,15,10,0,0,0,0,NA,"3FC12","3",0.07922,1.5,"Control_Uninjected"
"33","06/23/2025",4,"3FC12",1.1655,75,10,0,0,0,0,NA,"3FC12","3",0.11655,7.5,"Control_Uninjected"
"34","06/24/2025",5,"3FC12",1.1285,100,10,0,0,0,0,NA,"3FC12","3",0.11285,10,"Control_Uninjected"
"35","06/25/2025",6,"3FC12",1.3217,50,9,1,0,0,0,NA,"3FC12","3",0.146855555555556,5.55555555555556,"Control_Uninjected"
"36","06/26/2025",7,"3FC12",NA,NA,8,0,0,0,0,NA,"3FC12","3",NA,NA,"Control_Uninjected"
"37","06/27/2025",8,"3FC12",NA,NA,8,0,0,0,0,NA,"3FC12","3",NA,NA,"Control_Uninjected"
"38","06/28/2025",9,"3FC12",NA,NA,8,0,0,0,0,NA,"3FC12","3",NA,NA,"Control_Uninjected"
"39","06/29/2025",10,"3FC12",NA,NA,8,0,0,0,0,NA,"3FC12","3",NA,NA,"Control_Uninjected"
"40","06/30/2025",11,"3FC12",NA,NA,6,2,0,0,0,NA,"3FC12","3",NA,NA,"Control_Uninjected"
"41","07/01/2025",12,"3FC12",NA,NA,6,0,0,5,0,NA,"3FC12","3",NA,NA,"Control_Uninjected"
"42","07/02/2025",13,"3FC12",NA,NA,5,1,0,4,0,NA,"3FC12","3",NA,NA,"Control_Uninjected"
"43","07/03/2025",13,"3FC12",NA,NA,5,0,0,4,0,NA,"3FC12","3",NA,NA,"Control_Uninjected"
"44","07/04/2025",14,"3FC12",NA,NA,4,1,0,3,0,NA,"3FC12","3",NA,NA,"Control_Uninjected"
"45","07/05/2025",15,"3FC12",NA,NA,4,0,0,3,0,NA,"3FC12","3",NA,NA,"Control_Uninjected"
"46","07/06/2025",16,"3FC12",NA,NA,3,1,0,2,1,NA,"3FC12","3",NA,NA,"Control_Uninjected"
"47","07/07/2025",17,"3FC12",NA,NA,3,0,0,1,2,NA,"3FC12","3",NA,NA,"Control_Uninjected"
"48","07/08/2025",18,"3FC12",NA,NA,3,0,0,0,3,NA,"3FC12","3",NA,NA,"Control_Uninjected"
"49","07/09/2025",19,"3FC12",NA,NA,3,0,0,0,3,NA,"3FC12","3",NA,NA,"Control_Uninjected"
"50","07/10/2025",20,"3FC12",NA,NA,2,1,0,0,2,NA,"3FC12","3",NA,NA,"Control_Uninjected"
"51","07/11/2025",21,"3FC12",NA,NA,2,0,0,0,2,NA,"3FC12","3",NA,NA,"Control_Uninjected"
"52","07/12/2025",22,"3FC12",NA,NA,2,0,0,0,2,NA,"3FC12","3",NA,NA,"Control_Uninjected"
"53","07/13/2025",23,"3FC12",NA,NA,2,0,0,0,2,NA,"3FC12","3",NA,NA,"Control_Uninjected"
"54","07/14/2025",24,"3FC12",NA,NA,2,0,0,0,2,NA,"3FC12","3",NA,NA,"Control_Uninjected"
"55","07/15/2025",25,"3FC12",NA,NA,2,0,0,0,2,NA,"3FC12","3",NA,NA,"Control_Uninjected"
"56","07/16/2025",26,"3FC12",NA,NA,2,0,0,0,2,NA,"3FC12","3",NA,NA,"Control_Uninjected"
"57","07/17/2025",27,"3FC12",NA,NA,2,0,0,0,2,NA,"3FC12","3",NA,NA,"Control_Uninjected"
"58","07/18/2025",28,"3FC12",NA,NA,2,0,0,0,2,NA,"3FC12","3",NA,NA,"Control_Uninjected"
"59","06/20/2025",1,"3FC31",0.2733,NA,10,0,0,0,0,NA,"3FC31","3",0.02733,NA,"Control_dsRNA"
"60","06/21/2025",2,"3FC31",0.4276,35,10,0,0,0,0,NA,"3FC31","3",0.04276,3.5,"Control_dsRNA"
"61","06/22/2025",3,"3FC31",0.703,80,9,1,0,0,0,NA,"3FC31","3",0.0781111111111111,8.88888888888889,"Control_dsRNA"
"62","06/23/2025",4,"3FC31",1.0613,80,9,0,0,0,0,NA,"3FC31","3",0.117922222222222,8.88888888888889,"Control_dsRNA"
"63","06/24/2025",5,"3FC31",1.0211,97,7,1,0,0,0,NA,"3FC31","3",0.145871428571429,13.8571428571429,"Control_dsRNA"
"64","06/25/2025",6,"3FC31",1.0639,15,7,0,0,0,0,NA,"3FC31","3",0.151985714285714,2.14285714285714,"Control_dsRNA"
"65","06/26/2025",7,"3FC31",NA,NA,7,0,0,0,0,NA,"3FC31","3",NA,NA,"Control_dsRNA"
"66","06/27/2025",8,"3FC31",NA,NA,7,0,0,0,0,NA,"3FC31","3",NA,NA,"Control_dsRNA"
"67","06/28/2025",9,"3FC31",NA,NA,7,0,0,0,0,NA,"3FC31","3",NA,NA,"Control_dsRNA"
"68","06/29/2025",10,"3FC31",NA,NA,7,0,0,0,0,NA,"3FC31","3",NA,NA,"Control_dsRNA"
"69","06/30/2025",11,"3FC31",NA,NA,5,2,0,1,0,NA,"3FC31","3",NA,NA,"Control_dsRNA"
"70","07/01/2025",12,"3FC31",NA,NA,5,0,0,2,0,NA,"3FC31","3",NA,NA,"Control_dsRNA"
"71","07/02/2025",13,"3FC31",NA,NA,4,1,0,1,0,NA,"3FC31","3",NA,NA,"Control_dsRNA"
"72","07/03/2025",13,"3FC31",NA,NA,4,0,0,1,0,NA,"3FC31","3",NA,NA,"Control_dsRNA"
"73","07/04/2025",14,"3FC31",NA,NA,4,0,0,1,0,NA,"3FC31","3",NA,NA,"Control_dsRNA"
"74","07/05/2025",15,"3FC31",NA,NA,4,0,0,1,0,NA,"3FC31","3",NA,NA,"Control_dsRNA"
"75","07/06/2025",16,"3FC31",NA,NA,4,0,0,4,0,NA,"3FC31","3",NA,NA,"Control_dsRNA"
"76","07/07/2025",17,"3FC31",NA,NA,4,0,0,3,1,NA,"3FC31","3",NA,NA,"Control_dsRNA"
"77","07/08/2025",18,"3FC31",NA,NA,4,0,0,3,1,NA,"3FC31","3",NA,NA,"Control_dsRNA"
"78","07/09/2025",19,"3FC31",NA,NA,4,0,0,3,1,NA,"3FC31","3",NA,NA,"Control_dsRNA"
"79","07/10/2025",20,"3FC31",NA,NA,4,0,0,3,1,NA,"3FC31","3",NA,NA,"Control_dsRNA"
"80","07/11/2025",21,"3FC31",NA,NA,3,1,0,1,2,"*died as black pupa","3FC31","3",NA,NA,"Control_dsRNA"
"81","07/12/2025",22,"3FC31",NA,NA,3,0,0,0,3,NA,"3FC31","3",NA,NA,"Control_dsRNA"
"82","07/13/2025",23,"3FC31",NA,NA,2,1,0,0,2,"adult death","3FC31","3",NA,NA,"Control_dsRNA"
"83","07/14/2025",24,"3FC31",NA,NA,2,0,0,0,2,NA,"3FC31","3",NA,NA,"Control_dsRNA"
"84","07/15/2025",25,"3FC31",NA,NA,2,0,0,0,2,NA,"3FC31","3",NA,NA,"Control_dsRNA"
"85","07/16/2025",26,"3FC31",NA,NA,2,0,0,0,2,"*3FC3 eggs! 3","3FC31","3",NA,NA,"Control_dsRNA"
"86","07/17/2025",27,"3FC31",NA,NA,2,0,0,0,2,NA,"3FC31","3",NA,NA,"Control_dsRNA"
"87","07/18/2025",28,"3FC31",NA,NA,2,0,0,0,2,NA,"3FC31","3",NA,NA,"Control_dsRNA"
"88","06/20/2025",1,"3FC32",0.2414,NA,10,0,0,0,0,NA,"3FC32","3",0.02414,NA,"Control_dsRNA"
"89","06/21/2025",2,"3FC32",0.4006,10,10,0,0,0,0,NA,"3FC32","3",0.04006,1,"Control_dsRNA"
"90","06/22/2025",3,"3FC32",0.6189,25,10,0,0,0,0,NA,"3FC32","3",0.06189,2.5,"Control_dsRNA"
"91","06/23/2025",4,"3FC32",0.8279,45,9,1,0,0,0,NA,"3FC32","3",0.0919888888888889,5,"Control_dsRNA"
"92","06/24/2025",5,"3FC32",0.8687,90,7,2,0,0,0,NA,"3FC32","3",0.1241,12.8571428571429,"Control_dsRNA"
"93","06/25/2025",6,"3FC32",0.794,20,6,1,0,0,0,NA,"3FC32","3",0.132333333333333,3.33333333333333,"Control_dsRNA"
"94","06/26/2025",7,"3FC32",NA,NA,6,0,0,0,0,NA,"3FC32","3",NA,NA,"Control_dsRNA"
"95","06/27/2025",8,"3FC32",NA,NA,6,0,0,0,0,NA,"3FC32","3",NA,NA,"Control_dsRNA"
"96","06/28/2025",9,"3FC32",NA,NA,6,0,0,0,0,NA,"3FC32","3",NA,NA,"Control_dsRNA"
"97","06/29/2025",10,"3FC32",NA,NA,6,0,0,0,0,NA,"3FC32","3",NA,NA,"Control_dsRNA"
"98","06/30/2025",11,"3FC32",NA,NA,5,1,0,0,0,NA,"3FC32","3",NA,NA,"Control_dsRNA"
"99","07/01/2025",12,"3FC32",NA,NA,4,1,0,2,0,NA,"3FC32","3",NA,NA,"Control_dsRNA"
"100","07/02/2025",13,"3FC32",NA,NA,4,0,0,3,0,NA,"3FC32","3",NA,NA,"Control_dsRNA"
"101","07/03/2025",13,"3FC32",NA,NA,3,1,0,3,0,NA,"3FC32","3",NA,NA,"Control_dsRNA"
"102","07/04/2025",14,"3FC32",NA,NA,3,0,0,3,0,NA,"3FC32","3",NA,NA,"Control_dsRNA"
"103","07/05/2025",15,"3FC32",NA,NA,3,0,0,3,0,NA,"3FC32","3",NA,NA,"Control_dsRNA"
"104","07/06/2025",16,"3FC32",NA,NA,3,0,0,3,0,NA,"3FC32","3",NA,NA,"Control_dsRNA"
"105","07/07/2025",17,"3FC32",NA,NA,3,0,0,1,2,NA,"3FC32","3",NA,NA,"Control_dsRNA"
"106","07/08/2025",18,"3FC32",NA,NA,3,0,0,0,3,NA,"3FC32","3",NA,NA,"Control_dsRNA"
"107","07/09/2025",19,"3FC32",NA,NA,3,0,0,0,3,NA,"3FC32","3",NA,NA,"Control_dsRNA"
"108","07/10/2025",20,"3FC32",NA,NA,3,0,0,0,3,NA,"3FC32","3",NA,NA,"Control_dsRNA"
"109","07/11/2025",21,"3FC32",NA,NA,3,0,0,0,3,NA,"3FC32","3",NA,NA,"Control_dsRNA"
"110","07/12/2025",22,"3FC32",NA,NA,2,1,0,0,2,"adult death","3FC32","3",NA,NA,"Control_dsRNA"
"111","07/13/2025",23,"3FC32",NA,NA,2,0,0,0,2,NA,"3FC32","3",NA,NA,"Control_dsRNA"
"112","07/14/2025",24,"3FC32",NA,NA,2,0,0,0,2,NA,"3FC32","3",NA,NA,"Control_dsRNA"
"113","07/15/2025",25,"3FC32",NA,NA,2,0,0,0,2,NA,"3FC32","3",NA,NA,"Control_dsRNA"
"114","07/16/2025",26,"3FC32",NA,NA,2,0,0,0,2,NA,"3FC32","3",NA,NA,"Control_dsRNA"
"115","07/17/2025",27,"3FC32",NA,NA,2,0,0,0,2,NA,"3FC32","3",NA,NA,"Control_dsRNA"
"116","07/18/2025",28,"3FC32",NA,NA,2,0,0,0,2,NA,"3FC32","3",NA,NA,"Control_dsRNA"
"117","06/20/2025",1,"3FGD11",0.2567,NA,10,0,0,0,0,NA,"3FGD11","3",0.02567,NA,"GPA2_Low"
"118","06/21/2025",2,"3FGD11",0.344,13,9,1,0,0,0,NA,"3FGD11","3",0.0382222222222222,1.44444444444444,"GPA2_Low"
"119","06/22/2025",3,"3FGD11",0.5354,35,8,1,0,0,0,NA,"3FGD11","3",0.066925,4.375,"GPA2_Low"
"120","06/23/2025",4,"3FGD11",0.8027,60,8,0,0,0,0,NA,"3FGD11","3",0.1003375,7.5,"GPA2_Low"
"121","06/24/2025",5,"3FGD11",0.9657,95,7,1,0,0,0,NA,"3FGD11","3",0.137957142857143,13.5714285714286,"GPA2_Low"
"122","06/25/2025",6,"3FGD11",1.0102,35,7,0,0,0,0,NA,"3FGD11","3",0.144314285714286,5,"GPA2_Low"
"123","06/26/2025",7,"3FGD11",NA,NA,7,0,0,0,0,NA,"3FGD11","3",NA,NA,"GPA2_Low"
"124","06/27/2025",8,"3FGD11",NA,NA,7,0,0,0,0,NA,"3FGD11","3",NA,NA,"GPA2_Low"
"125","06/28/2025",9,"3FGD11",NA,NA,7,0,0,0,0,NA,"3FGD11","3",NA,NA,"GPA2_Low"
"126","06/29/2025",10,"3FGD11",NA,NA,7,0,0,0,0,NA,"3FGD11","3",NA,NA,"GPA2_Low"
"127","06/30/2025",11,"3FGD11",NA,NA,5,2,0,1,0,NA,"3FGD11","3",NA,NA,"GPA2_Low"
"128","07/01/2025",12,"3FGD11",NA,NA,5,0,0,3,0,NA,"3FGD11","3",NA,NA,"GPA2_Low"
"129","07/02/2025",13,"3FGD11",NA,NA,5,0,0,5,0,NA,"3FGD11","3",NA,NA,"GPA2_Low"
"130","07/03/2025",13,"3FGD11",NA,NA,5,0,0,5,0,NA,"3FGD11","3",NA,NA,"GPA2_Low"
"131","07/04/2025",14,"3FGD11",NA,NA,5,0,0,5,0,NA,"3FGD11","3",NA,NA,"GPA2_Low"
"132","07/05/2025",15,"3FGD11",NA,NA,5,0,0,5,0,NA,"3FGD11","3",NA,NA,"GPA2_Low"
"133","07/06/2025",16,"3FGD11",NA,NA,5,0,0,4,1,NA,"3FGD11","3",NA,NA,"GPA2_Low"
"134","07/07/2025",17,"3FGD11",NA,NA,5,0,0,2,3,NA,"3FGD11","3",NA,NA,"GPA2_Low"
"135","07/08/2025",18,"3FGD11",NA,NA,5,0,0,0,5,NA,"3FGD11","3",NA,NA,"GPA2_Low"
"136","07/09/2025",19,"3FGD11",NA,NA,5,0,0,0,5,NA,"3FGD11","3",NA,NA,"GPA2_Low"
"137","07/10/2025",20,"3FGD11",NA,NA,5,0,0,0,5,NA,"3FGD11","3",NA,NA,"GPA2_Low"
"138","07/11/2025",21,"3FGD11",NA,NA,5,0,0,0,5,NA,"3FGD11","3",NA,NA,"GPA2_Low"
"139","07/12/2025",22,"3FGD11",NA,NA,5,0,0,0,5,NA,"3FGD11","3",NA,NA,"GPA2_Low"
"140","07/13/2025",23,"3FGD11",NA,NA,5,0,0,0,5,NA,"3FGD11","3",NA,NA,"GPA2_Low"
"141","07/14/2025",24,"3FGD11",NA,NA,5,0,0,0,5,NA,"3FGD11","3",NA,NA,"GPA2_Low"
"142","07/15/2025",25,"3FGD11",NA,NA,5,0,0,0,5,"*3FGD1 eggs! 1 egg mass of 14 (saved)","3FGD11","3",NA,NA,"GPA2_Low"
"143","07/16/2025",26,"3FGD11",NA,NA,5,0,0,0,5,"*3FGD1 eggs! 1 egg mass of 9 (saved)","3FGD11","3",NA,NA,"GPA2_Low"
"144","07/17/2025",27,"3FGD11",NA,NA,5,0,0,0,5,"*3FGD11 eggs! 1 egg mass of 32 (saved)","3FGD11","3",NA,NA,"GPA2_Low"
"145","07/18/2025",28,"3FGD11",NA,NA,5,0,0,0,5,NA,"3FGD11","3",NA,NA,"GPA2_Low"
"146","06/20/2025",1,"3FGD12",0.2083,NA,10,0,0,0,0,NA,"3FGD12","3",0.02083,NA,"GPA2_Low"
"147","06/21/2025",2,"3FGD12",0.3286,18,10,0,0,0,0,NA,"3FGD12","3",0.03286,1.8,"GPA2_Low"
"148","06/22/2025",3,"3FGD12",0.5924,40,10,0,0,0,0,NA,"3FGD12","3",0.05924,4,"GPA2_Low"
"149","06/23/2025",4,"3FGD12",0.8959,43,9,0,0,0,0,NA,"3FGD12","3",0.0995444444444444,4.77777777777778,"GPA2_Low"
"150","06/24/2025",5,"3FGD12",1.0275,95,9,0,0,0,0,NA,"3FGD12","3",0.114166666666667,10.5555555555556,"GPA2_Low"
"151","06/25/2025",6,"3FGD12",1.302,60,8,1,0,0,0,NA,"3FGD12","3",0.16275,7.5,"GPA2_Low"
"152","06/26/2025",7,"3FGD12",NA,NA,8,0,0,0,0,NA,"3FGD12","3",NA,NA,"GPA2_Low"
"153","06/27/2025",8,"3FGD12",NA,NA,8,0,0,0,0,NA,"3FGD12","3",NA,NA,"GPA2_Low"
"154","06/28/2025",9,"3FGD12",NA,NA,8,0,0,0,0,NA,"3FGD12","3",NA,NA,"GPA2_Low"
"155","06/29/2025",10,"3FGD12",NA,NA,7,1,0,0,0,NA,"3FGD12","3",NA,NA,"GPA2_Low"
"156","06/30/2025",11,"3FGD12",NA,NA,5,2,0,0,0,NA,"3FGD12","3",NA,NA,"GPA2_Low"
"157","07/01/2025",12,"3FGD12",NA,NA,5,0,0,2,0,NA,"3FGD12","3",NA,NA,"GPA2_Low"
"158","07/02/2025",13,"3FGD12",NA,NA,5,0,0,3,0,NA,"3FGD12","3",NA,NA,"GPA2_Low"
"159","07/03/2025",13,"3FGD12",NA,NA,5,0,0,3,0,NA,"3FGD12","3",NA,NA,"GPA2_Low"
"160","07/04/2025",14,"3FGD12",NA,NA,4,1,0,3,0,NA,"3FGD12","3",NA,NA,"GPA2_Low"
"161","07/05/2025",15,"3FGD12",NA,NA,4,0,0,3,0,NA,"3FGD12","3",NA,NA,"GPA2_Low"
"162","07/06/2025",16,"3FGD12",NA,NA,3,1,0,3,0,NA,"3FGD12","3",NA,NA,"GPA2_Low"
"163","07/07/2025",17,"3FGD12",NA,NA,2,1,0,0,2,"blackened pupa death (face + legs)","3FGD12","3",NA,NA,"GPA2_Low"
"164","07/08/2025",18,"3FGD12",NA,NA,2,0,0,0,2,NA,"3FGD12","3",NA,NA,"GPA2_Low"
"165","07/09/2025",19,"3FGD12",NA,NA,2,0,0,0,2,NA,"3FGD12","3",NA,NA,"GPA2_Low"
"166","07/10/2025",20,"3FGD12",NA,NA,2,0,0,0,2,NA,"3FGD12","3",NA,NA,"GPA2_Low"
"167","07/11/2025",21,"3FGD12",NA,NA,2,0,0,0,2,NA,"3FGD12","3",NA,NA,"GPA2_Low"
"168","07/12/2025",22,"3FGD12",NA,NA,2,0,0,0,2,NA,"3FGD12","3",NA,NA,"GPA2_Low"
"169","07/13/2025",23,"3FGD12",NA,NA,2,0,0,0,2,NA,"3FGD12","3",NA,NA,"GPA2_Low"
"170","07/14/2025",24,"3FGD12",NA,NA,2,0,0,0,2,NA,"3FGD12","3",NA,NA,"GPA2_Low"
"171","07/15/2025",25,"3FGD12",NA,NA,2,0,0,0,2,NA,"3FGD12","3",NA,NA,"GPA2_Low"
"172","07/16/2025",26,"3FGD12",NA,NA,2,0,0,0,2,NA,"3FGD12","3",NA,NA,"GPA2_Low"
"173","07/17/2025",27,"3FGD12",NA,NA,2,0,0,0,2,NA,"3FGD12","3",NA,NA,"GPA2_Low"
"174","07/18/2025",28,"3FGD12",NA,NA,2,0,0,0,2,NA,"3FGD12","3",NA,NA,"GPA2_Low"
"175","06/20/2025",1,"3FGD21",0.2405,NA,10,0,0,0,0,NA,"3FGD21","3",0.02405,NA,"GPA2_High"
"176","06/21/2025",2,"3FGD21",0.3278,25,8,2,0,0,0,NA,"3FGD21","3",0.040975,3.125,"GPA2_High"
"177","06/22/2025",3,"3FGD21",0.5233,15,8,0,0,0,0,NA,"3FGD21","3",0.0654125,1.875,"GPA2_High"
"178","06/23/2025",4,"3FGD21",0.8112,15,8,0,0,0,0,NA,"3FGD21","3",0.1014,1.875,"GPA2_High"
"179","06/24/2025",5,"3FGD21",0.8244,90,7,1,0,0,0,NA,"3FGD21","3",0.117771428571429,12.8571428571429,"GPA2_High"
"180","06/25/2025",6,"3FGD21",1.0101,40,7,0,0,0,0,NA,"3FGD21","3",0.1443,5.71428571428571,"GPA2_High"
"181","06/26/2025",7,"3FGD21",NA,NA,7,0,0,0,0,NA,"3FGD21","3",NA,NA,"GPA2_High"
"182","06/27/2025",8,"3FGD21",NA,NA,7,0,0,0,0,NA,"3FGD21","3",NA,NA,"GPA2_High"
"183","06/28/2025",9,"3FGD21",NA,NA,7,0,0,0,0,NA,"3FGD21","3",NA,NA,"GPA2_High"
"184","06/29/2025",10,"3FGD21",NA,NA,7,0,0,0,0,NA,"3FGD21","3",NA,NA,"GPA2_High"
"185","06/30/2025",11,"3FGD21",NA,NA,6,1,0,0,0,NA,"3FGD21","3",NA,NA,"GPA2_High"
"186","07/01/2025",12,"3FGD21",NA,NA,6,0,0,1,0,NA,"3FGD21","3",NA,NA,"GPA2_High"
"187","07/02/2025",13,"3FGD21",NA,NA,6,0,0,4,0,NA,"3FGD21","3",NA,NA,"GPA2_High"
"188","07/03/2025",13,"3FGD21",NA,NA,6,0,0,4,0,NA,"3FGD21","3",NA,NA,"GPA2_High"
"189","07/04/2025",14,"3FGD21",NA,NA,6,0,0,5,0,NA,"3FGD21","3",NA,NA,"GPA2_High"
"190","07/05/2025",15,"3FGD21",NA,NA,6,0,0,5,0,NA,"3FGD21","3",NA,NA,"GPA2_High"
"191","07/06/2025",16,"3FGD21",NA,NA,6,0,0,6,0,NA,"3FGD21","3",NA,NA,"GPA2_High"
"192","07/07/2025",17,"3FGD21",NA,NA,6,0,0,5,1,NA,"3FGD21","3",NA,NA,"GPA2_High"
"193","07/08/2025",18,"3FGD21",NA,NA,4,2,0,2,2,"1 adult (recently pupated) death, 1 pupa death","3FGD21","3",NA,NA,"GPA2_High"
"194","07/09/2025",19,"3FGD21",NA,NA,4,0,0,2,2,NA,"3FGD21","3",NA,NA,"GPA2_High"
"195","07/10/2025",20,"3FGD21",NA,NA,4,0,0,2,2,NA,"3FGD21","3",NA,NA,"GPA2_High"
"196","07/11/2025",21,"3FGD21",NA,NA,4,0,0,0,4,NA,"3FGD21","3",NA,NA,"GPA2_High"
"197","07/12/2025",22,"3FGD21",NA,NA,4,0,0,0,4,NA,"3FGD21","3",NA,NA,"GPA2_High"
"198","07/13/2025",23,"3FGD21",NA,NA,4,0,0,0,4,NA,"3FGD21","3",NA,NA,"GPA2_High"
"199","07/14/2025",24,"3FGD21",NA,NA,4,0,0,0,4,NA,"3FGD21","3",NA,NA,"GPA2_High"
"200","07/15/2025",25,"3FGD21",NA,NA,4,0,0,0,4,NA,"3FGD21","3",NA,NA,"GPA2_High"
"201","07/16/2025",26,"3FGD21",NA,NA,4,0,0,0,4,NA,"3FGD21","3",NA,NA,"GPA2_High"
"202","07/17/2025",27,"3FGD21",NA,NA,4,0,0,0,4,NA,"3FGD21","3",NA,NA,"GPA2_High"
"203","07/18/2025",28,"3FGD21",NA,NA,4,0,0,0,4,NA,"3FGD21","3",NA,NA,"GPA2_High"
"204","06/20/2025",1,"3FGD22",0.2262,NA,10,0,0,0,0,NA,"3FGD22","3",0.02262,NA,"GPA2_High"
"205","06/21/2025",2,"3FGD22",0.4242,30,10,0,0,0,0,NA,"3FGD22","3",0.04242,3,"GPA2_High"
"206","06/22/2025",3,"3FGD22",0.6932,4,10,0,0,0,0,NA,"3FGD22","3",0.06932,0.4,"GPA2_High"
"207","06/23/2025",4,"3FGD22",1.0887,30,10,0,0,0,0,NA,"3FGD22","3",0.10887,3,"GPA2_High"
"208","06/24/2025",5,"3FGD22",1.2023,90,10,0,0,0,0,NA,"3FGD22","3",0.12023,9,"GPA2_High"
"209","06/25/2025",6,"3FGD22",1.5709,70,10,0,0,0,0,NA,"3FGD22","3",0.15709,7,"GPA2_High"
"210","06/26/2025",7,"3FGD22",NA,NA,9,0,0,0,0,NA,"3FGD22","3",NA,NA,"GPA2_High"
"211","06/27/2025",8,"3FGD22",NA,NA,9,0,0,0,0,NA,"3FGD22","3",NA,NA,"GPA2_High"
"212","06/28/2025",9,"3FGD22",NA,NA,9,0,0,0,0,NA,"3FGD22","3",NA,NA,"GPA2_High"
"213","06/29/2025",10,"3FGD22",NA,NA,6,3,0,0,0,NA,"3FGD22","3",NA,NA,"GPA2_High"
"214","06/30/2025",11,"3FGD22",NA,NA,6,0,0,3,0,NA,"3FGD22","3",NA,NA,"GPA2_High"
"215","07/01/2025",12,"3FGD22",NA,NA,6,0,0,3,0,NA,"3FGD22","3",NA,NA,"GPA2_High"
"216","07/02/2025",13,"3FGD22",NA,NA,6,0,0,5,0,NA,"3FGD22","3",NA,NA,"GPA2_High"
"217","07/03/2025",13,"3FGD22",NA,NA,6,0,0,6,0,NA,"3FGD22","3",NA,NA,"GPA2_High"
"218","07/04/2025",14,"3FGD22",NA,NA,6,0,0,6,0,NA,"3FGD22","3",NA,NA,"GPA2_High"
"219","07/05/2025",15,"3FGD22",NA,NA,6,0,0,5,1,NA,"3FGD22","3",NA,NA,"GPA2_High"
"220","07/06/2025",16,"3FGD22",NA,NA,6,0,0,3,2,NA,"3FGD22","3",NA,NA,"GPA2_High"
"221","07/07/2025",17,"3FGD22",NA,NA,6,0,0,3,3,NA,"3FGD22","3",NA,NA,"GPA2_High"
"222","07/08/2025",18,"3FGD22",NA,NA,6,0,0,1,5,NA,"3FGD22","3",NA,NA,"GPA2_High"
"223","07/09/2025",19,"3FGD22",NA,NA,6,0,0,0,6,NA,"3FGD22","3",NA,NA,"GPA2_High"
"224","07/10/2025",20,"3FGD22",NA,NA,6,0,0,0,6,NA,"3FGD22","3",NA,NA,"GPA2_High"
"225","07/11/2025",21,"3FGD22",NA,NA,6,0,0,0,6,NA,"3FGD22","3",NA,NA,"GPA2_High"
"226","07/12/2025",22,"3FGD22",NA,NA,5,1,0,0,5,"adult death","3FGD22","3",NA,NA,"GPA2_High"
"227","07/13/2025",23,"3FGD22",NA,NA,5,0,0,0,5,NA,"3FGD22","3",NA,NA,"GPA2_High"
"228","07/14/2025",24,"3FGD22",NA,NA,5,0,0,0,5,NA,"3FGD22","3",NA,NA,"GPA2_High"
"229","07/15/2025",25,"3FGD22",NA,NA,5,0,0,0,5,NA,"3FGD22","3",NA,NA,"GPA2_High"
"230","07/16/2025",26,"3FGD22",NA,NA,5,0,0,0,5,NA,"3FGD22","3",NA,NA,"GPA2_High"
"231","07/17/2025",27,"3FGD22",NA,NA,5,0,0,0,5,NA,"3FGD22","3",NA,NA,"GPA2_High"
"232","07/18/2025",28,"3FGD22",NA,NA,5,0,0,0,5,NA,"3FGD22","3",NA,NA,"GPA2_High"
"233","06/20/2025",1,"3FLD11",0.2934,NA,10,0,0,0,0,NA,"3FLD11","3",0.02934,NA,"LGR1_Low"
"234","06/21/2025",2,"3FLD11",0.4482,35,10,0,0,0,0,NA,"3FLD11","3",0.04482,3.5,"LGR1_Low"
"235","06/22/2025",3,"3FLD11",0.746,25,10,0,0,0,0,NA,"3FLD11","3",0.0746,2.5,"LGR1_Low"
"236","06/23/2025",4,"3FLD11",1.1776,63,10,0,0,0,0,NA,"3FLD11","3",0.11776,6.3,"LGR1_Low"
"237","06/24/2025",5,"3FLD11",1.5511,95,10,0,0,0,0,NA,"3FLD11","3",0.15511,9.5,"LGR1_Low"
"238","06/25/2025",6,"3FLD11",1.3214,95,9,1,0,0,0,NA,"3FLD11","3",0.146822222222222,10.5555555555556,"LGR1_Low"
"239","06/26/2025",7,"3FLD11",NA,NA,9,0,0,0,0,NA,"3FLD11","3",NA,NA,"LGR1_Low"
"240","06/27/2025",8,"3FLD11",NA,NA,9,0,0,0,0,NA,"3FLD11","3",NA,NA,"LGR1_Low"
"241","06/28/2025",9,"3FLD11",NA,NA,9,0,0,0,0,NA,"3FLD11","3",NA,NA,"LGR1_Low"
"242","06/29/2025",10,"3FLD11",NA,NA,8,1,0,0,0,NA,"3FLD11","3",NA,NA,"LGR1_Low"
"243","06/30/2025",11,"3FLD11",NA,NA,7,1,0,1,0,NA,"3FLD11","3",NA,NA,"LGR1_Low"
"244","07/01/2025",12,"3FLD11",NA,NA,7,0,0,4,0,NA,"3FLD11","3",NA,NA,"LGR1_Low"
"245","07/02/2025",13,"3FLD11",NA,NA,6,1,0,3,0,NA,"3FLD11","3",NA,NA,"LGR1_Low"
"246","07/03/2025",13,"3FLD11",NA,NA,6,0,0,4,0,NA,"3FLD11","3",NA,NA,"LGR1_Low"
"247","07/04/2025",14,"3FLD11",NA,NA,5,1,0,5,0,NA,"3FLD11","3",NA,NA,"LGR1_Low"
"248","07/05/2025",15,"3FLD11",NA,NA,5,0,0,4,1,NA,"3FLD11","3",NA,NA,"LGR1_Low"
"249","07/06/2025",16,"3FLD11",NA,NA,5,0,0,3,2,NA,"3FLD11","3",NA,NA,"LGR1_Low"
"250","07/07/2025",17,"3FLD11",NA,NA,5,0,0,2,3,NA,"3FLD11","3",NA,NA,"LGR1_Low"
"251","07/08/2025",18,"3FLD11",NA,NA,5,0,0,2,3,NA,"3FLD11","3",NA,NA,"LGR1_Low"
"252","07/09/2025",19,"3FLD11",NA,NA,5,0,0,2,3,NA,"3FLD11","3",NA,NA,"LGR1_Low"
"253","07/10/2025",20,"3FLD11",NA,NA,5,0,0,1,4,"*the adult that just emerged looked like it was on the verge of death, slow moving, slightly indented wings","3FLD11","3",NA,NA,"LGR1_Low"
"254","07/11/2025",21,"3FLD11",NA,NA,5,0,0,1,4,NA,"3FLD11","3",NA,NA,"LGR1_Low"
"255","07/12/2025",22,"3FLD11",NA,NA,4,1,0,0,4,"failed pupation","3FLD11","3",NA,NA,"LGR1_Low"
"256","07/13/2025",23,"3FLD11",NA,NA,3,1,0,0,3,"adult death","3FLD11","3",NA,NA,"LGR1_Low"
"257","07/14/2025",24,"3FLD11",NA,NA,3,0,0,0,3,NA,"3FLD11","3",NA,NA,"LGR1_Low"
"258","07/15/2025",25,"3FLD11",NA,NA,3,0,0,0,3,NA,"3FLD11","3",NA,NA,"LGR1_Low"
"259","07/16/2025",26,"3FLD11",NA,NA,3,0,0,0,3,NA,"3FLD11","3",NA,NA,"LGR1_Low"
"260","07/17/2025",27,"3FLD11",NA,NA,3,0,0,0,3,NA,"3FLD11","3",NA,NA,"LGR1_Low"
"261","07/18/2025",28,"3FLD11",NA,NA,3,0,0,0,3,NA,"3FLD11","3",NA,NA,"LGR1_Low"
"262","06/20/2025",1,"3FLD12",0.2436,NA,10,0,0,0,0,NA,"3FLD12","3",0.02436,NA,"LGR1_Low"
"263","06/21/2025",2,"3FLD12",0.3385,12,10,0,0,0,0,NA,"3FLD12","3",0.03385,1.2,"LGR1_Low"
"264","06/22/2025",3,"3FLD12",0.6068,30,9,0,0,0,0,NA,"3FLD12","3",0.0674222222222222,3.33333333333333,"LGR1_Low"
"265","06/23/2025",4,"3FLD12",1.0652,55,10,0,0,0,0,NA,"3FLD12","3",0.10652,5.5,"LGR1_Low"
"266","06/24/2025",5,"3FLD12",1.1877,95,10,0,0,0,0,NA,"3FLD12","3",0.11877,9.5,"LGR1_Low"
"267","06/25/2025",6,"3FLD12",1.4944,76,9,0,0,0,0,NA,"3FLD12","3",0.166044444444444,8.44444444444444,"LGR1_Low"
"268","06/26/2025",7,"3FLD12",NA,NA,9,0,0,0,0,NA,"3FLD12","3",NA,NA,"LGR1_Low"
"269","06/27/2025",8,"3FLD12",NA,NA,9,0,0,0,0,NA,"3FLD12","3",NA,NA,"LGR1_Low"
"270","06/28/2025",9,"3FLD12",NA,NA,9,0,0,0,0,NA,"3FLD12","3",NA,NA,"LGR1_Low"
"271","06/29/2025",10,"3FLD12",NA,NA,8,1,0,0,0,NA,"3FLD12","3",NA,NA,"LGR1_Low"
"272","06/30/2025",11,"3FLD12",NA,NA,6,2,0,0,0,NA,"3FLD12","3",NA,NA,"LGR1_Low"
"273","07/01/2025",12,"3FLD12",NA,NA,5,1,0,3,0,NA,"3FLD12","3",NA,NA,"LGR1_Low"
"274","07/02/2025",13,"3FLD12",NA,NA,5,2,0,2,0,NA,"3FLD12","3",NA,NA,"LGR1_Low"
"275","07/03/2025",13,"3FLD12",NA,NA,5,0,0,3,0,NA,"3FLD12","3",NA,NA,"LGR1_Low"
"276","07/04/2025",14,"3FLD12",NA,NA,5,0,0,4,0,NA,"3FLD12","3",NA,NA,"LGR1_Low"
"277","07/05/2025",15,"3FLD12",NA,NA,5,0,0,4,0,NA,"3FLD12","3",NA,NA,"LGR1_Low"
"278","07/06/2025",16,"3FLD12",NA,NA,4,0,0,4,0,NA,"3FLD12","3",NA,NA,"LGR1_Low"
"279","07/07/2025",17,"3FLD12",NA,NA,4,1,0,2,2,"blackened pupa death (face + legs)","3FLD12","3",NA,NA,"LGR1_Low"
"280","07/08/2025",18,"3FLD12",NA,NA,4,0,0,2,2,NA,"3FLD12","3",NA,NA,"LGR1_Low"
"281","07/09/2025",19,"3FLD12",NA,NA,4,0,0,1,3,NA,"3FLD12","3",NA,NA,"LGR1_Low"
"282","07/10/2025",20,"3FLD12",NA,NA,4,0,0,0,4,NA,"3FLD12","3",NA,NA,"LGR1_Low"
"283","07/11/2025",21,"3FLD12",NA,NA,4,0,0,0,4,NA,"3FLD12","3",NA,NA,"LGR1_Low"
"284","07/12/2025",22,"3FLD12",NA,NA,3,1,0,0,3,"adult death","3FLD12","3",NA,NA,"LGR1_Low"
"285","07/13/2025",23,"3FLD12",NA,NA,3,0,0,0,3,NA,"3FLD12","3",NA,NA,"LGR1_Low"
"286","07/14/2025",24,"3FLD12",NA,NA,3,0,0,0,3,NA,"3FLD12","3",NA,NA,"LGR1_Low"
"287","07/15/2025",25,"3FLD12",NA,NA,3,0,0,0,3,NA,"3FLD12","3",NA,NA,"LGR1_Low"
"288","07/16/2025",26,"3FLD12",NA,NA,3,0,0,0,3,NA,"3FLD12","3",NA,NA,"LGR1_Low"
"289","07/17/2025",27,"3FLD12",NA,NA,2,1,0,0,2,"adult death","3FLD12","3",NA,NA,"LGR1_Low"
"290","07/18/2025",28,"3FLD12",NA,NA,2,0,0,0,2,NA,"3FLD12","3",NA,NA,"LGR1_Low"
"291","06/20/2025",1,"3FLD21",0.2283,NA,10,0,0,0,0,NA,"3FLD21","3",0.02283,NA,"LGR1_High"
"292","06/21/2025",2,"3FLD21",0.3593,7,9,1,0,0,0,NA,"3FLD21","3",0.0399222222222222,0.777777777777778,"LGR1_High"
"293","06/22/2025",3,"3FLD21",0.5836,18,9,0,0,0,0,NA,"3FLD21","3",0.0648444444444444,2,"LGR1_High"
"294","06/23/2025",4,"3FLD21",0.8772,18,9,0,0,0,0,NA,"3FLD21","3",0.0974666666666667,2,"LGR1_High"
"295","06/24/2025",5,"3FLD21",1.2186,85,9,0,0,0,0,NA,"3FLD21","3",0.1354,9.44444444444444,"LGR1_High"
"296","06/25/2025",6,"3FLD21",1.4286,30,10,0,0,0,0,NA,"3FLD21","3",0.14286,3,"LGR1_High"
"297","06/26/2025",7,"3FLD21",NA,NA,8,1,0,0,0,NA,"3FLD21","3",NA,NA,"LGR1_High"
"298","06/27/2025",8,"3FLD21",NA,NA,8,0,0,0,0,NA,"3FLD21","3",NA,NA,"LGR1_High"
"299","06/28/2025",9,"3FLD21",NA,NA,8,0,0,0,0,NA,"3FLD21","3",NA,NA,"LGR1_High"
"300","06/29/2025",10,"3FLD21",NA,NA,7,1,0,0,0,NA,"3FLD21","3",NA,NA,"LGR1_High"
"301","06/30/2025",11,"3FLD21",NA,NA,4,3,0,0,0,NA,"3FLD21","3",NA,NA,"LGR1_High"
"302","07/01/2025",12,"3FLD21",NA,NA,4,0,0,0,0,NA,"3FLD21","3",NA,NA,"LGR1_High"
"303","07/02/2025",13,"3FLD21",NA,NA,4,0,0,0,0,NA,"3FLD21","3",NA,NA,"LGR1_High"
"304","07/03/2025",13,"3FLD21",NA,NA,4,0,0,0,0,NA,"3FLD21","3",NA,NA,"LGR1_High"
"305","07/04/2025",14,"3FLD21",NA,NA,4,0,0,3,0,NA,"3FLD21","3",NA,NA,"LGR1_High"
"306","07/05/2025",15,"3FLD21",NA,NA,4,0,0,3,0,NA,"3FLD21","3",NA,NA,"LGR1_High"
"307","07/06/2025",16,"3FLD21",NA,NA,4,0,0,1,0,NA,"3FLD21","3",NA,NA,"LGR1_High"
"308","07/07/2025",17,"3FLD21",NA,NA,4,0,0,1,0,NA,"3FLD21","3",NA,NA,"LGR1_High"
"309","07/08/2025",18,"3FLD21",NA,NA,4,0,0,2,0,NA,"3FLD21","3",NA,NA,"LGR1_High"
"310","07/09/2025",19,"3FLD21",NA,NA,4,0,0,2,0,NA,"3FLD21","3",NA,NA,"LGR1_High"
"311","07/10/2025",20,"3FLD21",NA,NA,4,0,0,1,1,NA,"3FLD21","3",NA,NA,"LGR1_High"
"312","07/11/2025",21,"3FLD21",NA,NA,4,0,0,1,1,NA,"3FLD21","3",NA,NA,"LGR1_High"
"313","07/12/2025",22,"3FLD21",NA,NA,4,0,0,2,1,NA,"3FLD21","3",NA,NA,"LGR1_High"
"314","07/13/2025",23,"3FLD21",NA,NA,4,0,0,2,1,"*3FLD2 eggs! 5","3FLD21","3",NA,NA,"LGR1_High"
"315","07/14/2025",24,"3FLD21",NA,NA,4,0,0,1,2,NA,"3FLD21","3",NA,NA,"LGR1_High"
"316","07/15/2025",25,"3FLD21",NA,NA,4,0,0,1,2,"*3FLD2 eggs! 4","3FLD21","3",NA,NA,"LGR1_High"
"317","07/16/2025",26,"3FLD21",NA,NA,4,0,0,1,2,NA,"3FLD21","3",NA,NA,"LGR1_High"
"318","07/17/2025",27,"3FLD21",NA,NA,4,0,0,1,2,NA,"3FLD21","3",NA,NA,"LGR1_High"
"319","07/18/2025",28,"3FLD21",NA,NA,4,0,0,1,2,NA,"3FLD21","3",NA,NA,"LGR1_High"
"320","07/20/2025",28,"3FLD21",NA,NA,3,0,0,0,3,NA,"3FLD21","3",NA,NA,"LGR1_High"
"321","06/20/2025",1,"3FLD22",0.2145,NA,10,0,0,0,0,NA,"3FLD22","3",0.02145,NA,"LGR1_High"
"322","06/21/2025",2,"3FLD22",0.3562,10,10,0,0,0,0,NA,"3FLD22","3",0.03562,1,"LGR1_High"
"323","06/22/2025",3,"3FLD22",0.559,30,9,0,0,0,0,NA,"3FLD22","3",0.0621111111111111,3.33333333333333,"LGR1_High"
"324","06/23/2025",4,"3FLD22",0.8483,30,8,1,0,0,0,NA,"3FLD22","3",0.1060375,3.75,"LGR1_High"
"325","06/24/2025",5,"3FLD22",1.1493,75,8,0,0,0,0,NA,"3FLD22","3",0.1436625,9.375,"LGR1_High"
"326","06/25/2025",6,"3FLD22",1.2972,55,8,0,0,0,0,NA,"3FLD22","3",0.16215,6.875,"LGR1_High"
"327","06/26/2025",7,"3FLD22",NA,NA,6,2,0,0,0,NA,"3FLD22","3",NA,NA,"LGR1_High"
"328","06/27/2025",8,"3FLD22",NA,NA,6,0,0,0,0,NA,"3FLD22","3",NA,NA,"LGR1_High"
"329","06/28/2025",9,"3FLD22",NA,NA,6,0,0,0,0,NA,"3FLD22","3",NA,NA,"LGR1_High"
"330","06/29/2025",10,"3FLD22",NA,NA,4,2,0,0,0,NA,"3FLD22","3",NA,NA,"LGR1_High"
"331","06/30/2025",11,"3FLD22",NA,NA,4,0,0,0,0,NA,"3FLD22","3",NA,NA,"LGR1_High"
"332","07/01/2025",12,"3FLD22",NA,NA,4,1,0,2,0,NA,"3FLD22","3",NA,NA,"LGR1_High"
"333","07/02/2025",13,"3FLD22",NA,NA,4,0,0,2,0,NA,"3FLD22","3",NA,NA,"LGR1_High"
"334","07/03/2025",13,"3FLD22",NA,NA,4,0,0,3,0,NA,"3FLD22","3",NA,NA,"LGR1_High"
"335","07/04/2025",14,"3FLD22",NA,NA,4,0,0,1,0,NA,"3FLD22","3",NA,NA,"LGR1_High"
"336","07/05/2025",15,"3FLD22",NA,NA,4,0,0,1,0,NA,"3FLD22","3",NA,NA,"LGR1_High"
"337","07/06/2025",16,"3FLD22",NA,NA,4,0,0,3,1,NA,"3FLD22","3",NA,NA,"LGR1_High"
"338","07/07/2025",17,"3FLD22",NA,NA,4,0,0,2,2,NA,"3FLD22","3",NA,NA,"LGR1_High"
"339","07/08/2025",18,"3FLD22",NA,NA,4,0,0,2,2,NA,"3FLD22","3",NA,NA,"LGR1_High"
"340","07/09/2025",19,"3FLD22",NA,NA,4,0,0,2,2,NA,"3FLD22","3",NA,NA,"LGR1_High"
"341","07/10/2025",20,"3FLD22",NA,NA,4,0,0,2,2,NA,"3FLD22","3",NA,NA,"LGR1_High"
"342","07/11/2025",21,"3FLD22",NA,NA,4,0,0,2,2,NA,"3FLD22","3",NA,NA,"LGR1_High"
"343","07/12/2025",22,"3FLD22",NA,NA,3,1,0,1,2,"failed pupation","3FLD22","3",NA,NA,"LGR1_High"
"344","07/13/2025",23,"3FLD22",NA,NA,3,0,0,0,3,NA,"3FLD22","3",NA,NA,"LGR1_High"
"345","07/14/2025",24,"3FLD22",NA,NA,3,0,0,0,3,NA,"3FLD22","3",NA,NA,"LGR1_High"
"346","07/15/2025",25,"3FLD22",NA,NA,3,0,0,0,3,NA,"3FLD22","3",NA,NA,"LGR1_High"
"347","07/16/2025",26,"3FLD22",NA,NA,3,0,0,0,3,NA,"3FLD22","3",NA,NA,"LGR1_High"
"348","07/17/2025",27,"3FLD22",NA,NA,3,0,0,0,3,NA,"3FLD22","3",NA,NA,"LGR1_High"
"349","07/18/2025",28,"3FLD22",NA,NA,3,0,0,0,3,NA,"3FLD22","3",NA,NA,"LGR1_High"
