Date,Assay Day,CPB Group,Weight (g),% Defoliation,Alive,Dead,Incapacitated,Pupating,Emerged Adults,Notes
06/20/2025,1,4FC31,0.692,N/A,10,0,0,0,0,
06/20/2025,1,4FC32,0.7766,N/A,10,0,0,0,0,
06/20/2025,1,4FLD11,0.7515,N/A,10,0,0,0,0,
06/20/2025,1,4FLD12,0.7848,N/A,10,0,0,0,0,
06/20/2025,1,4FLD21,0.8204,N/A,10,0,0,0,0,
06/20/2025,1,4FLD22,0.7003,N/A,10,0,0,0,0,
06/20/2025,1,4FGD11,0.7172,N/A,10,0,0,0,0,
06/20/2025,1,4FGD12,0.68,N/A,10,0,0,0,0,
06/20/2025,1,4FGD21,0.6488,N/A,10,0,0,0,0,
06/20/2025,1,4FGD22,0.8622,N/A,10,0,0,0,0,
06/20/2025,1,3FC11,0.2212,N/A,10,0,0,0,0,
06/20/2025,1,3FC12,0.2497,N/A,10,0,0,0,0,
06/20/2025,1,3FC31,0.2733,N/A,10,0,0,0,0,
06/20/2025,1,3FC32,0.2414,N/A,10,0,0,0,0,
06/20/2025,1,3FLD11,0.2934,N/A,10,0,0,0,0,
06/20/2025,1,3FLD12,0.2436,N/A,10,0,0,0,0,
06/20/2025,1,3FLD21,0.2283,N/A,10,0,0,0,0,
06/20/2025,1,3FLD22,0.2145,N/A,10,0,0,0,0,
06/20/2025,1,3FGD11,0.2567,N/A,10,0,0,0,0,
06/20/2025,1,3FGD12,0.2083,N/A,10,0,0,0,0,
06/20/2025,1,3FGD21,0.2405,N/A,10,0,0,0,0,
06/20/2025,1,3FGD22,0.2262,N/A,10,0,0,0,0,
06/21/2025,2,4FC31,0.8827,90,8,2,0,0,0,
06/21/2025,2,4FC32,0.902,85,8,2,0,0,0,
06/21/2025,2,4FGD11,0.8591,95,9,0,1,0,0,
06/21/2025,2,4FGD12,0.9128,90,8,2,0,0,0,
06/21/2025,2,4FGD21,1.0325,95,10,0,0,0,0,
06/21/2025,2,4FGD22,0.8937,100,9,1,0,0,0,
06/21/2025,2,4FLD11,0.9563,80,8,2,0,0,0,
06/21/2025,2,4FLD12,0.9936,95,9,1,0,0,0,
06/21/2025,2,4FLD21,0.9155,95,9,1,0,0,0,
06/21/2025,2,4FLD22,0.9129,95,10,0,0,0,0,
06/21/2025,2,3FC11,0.3554,33,9,1,0,0,0,
06/21/2025,2,3FC12,0.4489,40,10,0,0,0,0,
06/21/2025,2,3FC31,0.4276,35,10,0,0,0,0,
06/21/2025,2,3FC32,0.4006,10,10,0,0,0,0,
06/21/2025,2,3FGD11,0.344,13,9,1,0,0,0,
06/21/2025,2,3FGD12,0.3286,18,10,0,0,0,0,
06/21/2025,2,3FGD21,0.3278,25,8,2,0,0,0,
06/21/2025,2,3FGD22,0.4242,30,10,0,0,0,0,
06/21/2025,2,3FLD11,0.4482,35,10,0,0,0,0,
06/21/2025,2,3FLD12,0.3385,12,10,0,0,0,0,
06/21/2025,2,3FLD21,0.3593,7,9,1,0,0,0,
06/21/2025,2,3FLD22,0.3562,10,10,0,0,0,0,
06/22/2025,3,4FC31,1.1026,90,8,0,0,0,0,
06/22/2025,3,4FC32,1.2088,85,8,0,0,0,0,
06/22/2025,3,4FGD11,1.1724,70,8,2,0,0,0,
06/22/2025,3,4FGD12,1.205,80,8,0,0,0,0,
06/22/2025,3,4FGD21,1.3228,100,10,0,0,0,0,
06/22/2025,3,4FGD22,1.3554,100,9,0,0,0,0,
06/22/2025,3,4FLD11,1.1839,85,7,1,0,0,0,
06/22/2025,3,4FLD12,1.123,67,8,1,0,0,0,
06/22/2025,3,4FLD21,1.4712,80,9,0,0,0,0,
06/22/2025,3,4FLD22,1.3085,95,10,0,0,0,0,
06/22/2025,3,3FC11,0.5691,30,9,0,0,0,0,
06/22/2025,3,3FC12,0.7922,15,10,0,0,0,0,
06/22/2025,3,3FC31,0.703,80,9,1,0,0,0,
06/22/2025,3,3FC32,0.6189,25,10,0,0,0,0,
06/22/2025,3,3FGD11,0.5354,35,8,1,0,0,0,
06/22/2025,3,3FGD12,0.5924,40,10,0,0,0,0,
06/22/2025,3,3FGD21,0.5233,15,8,0,0,0,0,
06/22/2025,3,3FGD22,0.6932,4,10,0,0,0,0,
06/22/2025,3,3FLD11,0.746,25,10,0,0,0,0,
06/22/2025,3,3FLD12,0.6068,30,9,0,0,0,0,
06/22/2025,3,3FLD21,0.5836,18,9,0,0,0,0,
06/22/2025,3,3FLD22,0.559,30,9,0,0,0,0,
06/23/2025,4,4FC31,1.0796,8,8,0,0,0,0,
06/23/2025,4,4FC32,1.1443,22,7,0,1,0,0,
06/23/2025,4,4FGD11,1.1414,10,8,0,0,0,0,
06/23/2025,4,4FGD12,1.0847,11,7,1,0,0,0,
06/23/2025,4,4FGD21,1.3498,65,9,0,0,0,0,
06/23/2025,4,4FGD22,1.1587,10,8,1,0,0,0,
06/23/2025,4,4FLD11,1.1077,12,7,0,0,0,0,
06/23/2025,4,4FLD12,1.0998,25,8,0,0,0,0,
06/23/2025,4,4FLD21,1.2822,27,8,1,0,0,0,
06/23/2025,4,4FLD22,1.318,85,9,0,1,0,0,
06/23/2025,4,3FC11,0.9545,50,9,0,0,0,0,
06/23/2025,4,3FC12,1.1655,75,10,0,0,0,0,
06/23/2025,4,3FC31,1.0613,80,9,0,0,0,0,
06/23/2025,4,3FC32,0.8279,45,9,1,0,0,0,
06/23/2025,4,3FGD11,0.8027,60,8,0,0,0,0,
06/23/2025,4,3FGD12,0.8959,43,9,0,0,0,0,
06/23/2025,4,3FGD21,0.8112,15,8,0,0,0,0,
06/23/2025,4,3FGD22,1.0887,30,10,0,0,0,0,
06/23/2025,4,3FLD11,1.1776,63,10,0,0,0,0,
06/23/2025,4,3FLD12,1.0652,55,10,0,0,0,0,
06/23/2025,4,3FLD21,0.8772,18,9,0,0,0,0,
06/23/2025,4,3FLD22,0.8483,30,8,1,0,0,0,
06/24/2025,5,4FC31,0.7423,2,6,2,0,0,0,
06/24/2025,5,4FC32,0.8355,1,6,2,0,0,0,
06/24/2025,5,4FGD11,1.0466,5,8,0,0,0,0,
06/24/2025,5,4FGD12,0.9869,2,7,0,0,0,0,
06/24/2025,5,4FGD21,1.077,15,8,1,0,0,0,
06/24/2025,5,4FGD22,0.8999,10,7,1,0,0,0,
06/24/2025,5,4FLD11,0.9213,2,6,1,0,0,0,
06/24/2025,5,4FLD12,0.8636,5,7,1,0,0,0,
06/24/2025,5,4FLD21,1.1967,12,8,0,0,0,0,
06/24/2025,5,4FLD22,1.2838,15,9,1,0,0,0,
06/24/2025,5,3FC11,0.9109,100,9,0,0,0,0,
06/24/2025,5,3FC12,1.1285,100,10,0,0,0,0,
06/24/2025,5,3FC31,1.0211,97,7,1,0,0,0,
06/24/2025,5,3FC32,0.8687,90,7,2,0,0,0,
06/24/2025,5,3FGD11,0.9657,95,7,1,0,0,0,
06/24/2025,5,3FGD12,1.0275,95,9,0,0,0,0,
06/24/2025,5,3FGD21,0.8244,90,7,1,0,0,0,
06/24/2025,5,3FGD22,1.2023,90,10,0,0,0,0,
06/24/2025,5,3FLD11,1.5511,95,10,0,0,0,0,
06/24/2025,5,3FLD12,1.1877,95,10,0,0,0,0,
06/24/2025,5,3FLD21,1.2186,85,9,0,0,0,0,
06/24/2025,5,3FLD22,1.1493,75,8,0,0,0,0,
06/25/2025,6,4FC31,N/A,N/A,0,0,0,0,0,
06/25/2025,6,4FC32,N/A,N/A,6,0,0,0,0,
06/25/2025,6,4FGD11,N/A,2,6,2,0,0,0,
06/25/2025,6,4FGD12,N/A,0,7,0,0,0,0,
06/25/2025,6,4FGD21,N/A,0,7,1,0,0,0,
06/25/2025,6,4FGD22,N/A,0,6,1,0,0,0,
06/25/2025,6,4FLD11,N/A,N/A,6,0,0,0,0,
06/25/2025,6,4FLD12,N/A,N/A,7,0,0,0,0,
06/25/2025,6,4FLD21,N/A,N/A,8,0,0,0,0,
06/25/2025,6,4FLD22,N/A,N/A,9,0,0,0,0,
06/25/2025,6,3FC11,1.0408,90,8,1,0,0,0,
06/25/2025,6,3FC12,1.3217,50,9,1,0,0,0,
06/25/2025,6,3FC31,1.0639,15,7,0,0,0,0,
06/25/2025,6,3FC32,0.794,20,6,1,0,0,0,
06/25/2025,6,3FGD11,1.0102,35,7,0,0,0,0,
06/25/2025,6,3FGD12,1.302,60,8,1,0,0,0,
06/25/2025,6,3FGD21,1.0101,40,7,0,0,0,0,
06/25/2025,6,3FGD22,1.5709,70,10,0,0,0,0,
06/25/2025,6,3FLD11,1.3214,95,9,1,0,0,0,
06/25/2025,6,3FLD12,1.4944,76,9,0,0,0,0,
06/25/2025,6,3FLD21,1.4286,30,10,0,0,0,0,
06/25/2025,6,3FLD22,1.2972,55,8,0,0,0,0,
06/26/2025,7,4FC31,N/A,N/A,5,1,0,0,0,
06/26/2025,7,4FC32,N/A,N/A,5,0,0,0,0,
06/26/2025,7,4FGD11,N/A,N/A,6,0,0,0,0,
06/26/2025,7,4FGD12,N/A,N/A,6,1,0,0,0,
06/26/2025,7,4FGD21,N/A,N/A,5,2,0,0,0,
06/26/2025,7,4FGD22,N/A,N/A,6,0,0,0,0,
06/26/2025,7,4FLD11,N/A,N/A,6,0,0,0,0,
06/26/2025,7,4FLD12,N/A,N/A,6,1,0,0,0,
06/26/2025,7,4FLD21,N/A,N/A,8,0,0,0,0,
06/26/2025,7,4FLD22,N/A,N/A,9,0,0,0,0,
06/26/2025,7,3FC11,N/A,N/A,7,0,0,0,0,
06/26/2025,7,3FC12,N/A,N/A,8,0,0,0,0,
06/26/2025,7,3FC31,N/A,N/A,7,0,0,0,0,
06/26/2025,7,3FC32,N/A,N/A,6,0,0,0,0,
06/26/2025,7,3FGD11,N/A,N/A,7,0,0,0,0,
06/26/2025,7,3FGD12,N/A,N/A,8,0,0,0,0,
06/26/2025,7,3FGD21,N/A,N/A,7,0,0,0,0,
06/26/2025,7,3FGD22,N/A,N/A,9,0,0,0,0,
06/26/2025,7,3FLD11,N/A,N/A,9,0,0,0,0,
06/26/2025,7,3FLD12,N/A,N/A,9,0,0,0,0,
06/26/2025,7,3FLD21,N/A,N/A,8,1,0,0,0,
06/26/2025,7,3FLD22,N/A,N/A,6,2,0,0,0,
06/27/2025,8,4FC31,N/A,N/A,5,0,0,0,0,
06/27/2025,8,4FC32,N/A,N/A,5,0,0,0,0,
06/27/2025,8,4FGD11,N/A,N/A,6,0,0,1,0,
06/27/2025,8,4FGD12,N/A,N/A,6,0,0,0,0,
06/27/2025,8,4FGD21,N/A,N/A,5,0,0,0,0,
06/27/2025,8,4FGD22,N/A,N/A,6,0,0,0,0,
06/27/2025,8,4FLD11,N/A,N/A,6,0,0,0,0,
06/27/2025,8,4FLD12,N/A,N/A,6,0,0,0,0,
06/27/2025,8,4FLD21,N/A,N/A,8,0,0,0,0,
06/27/2025,8,4FLD22,N/A,N/A,9,0,0,0,0,
06/27/2025,8,3FC11,N/A,N/A,7,0,0,0,0,
06/27/2025,8,3FC12,N/A,N/A,8,0,0,0,0,
06/27/2025,8,3FC31,N/A,N/A,7,0,0,0,0,
06/27/2025,8,3FC32,N/A,N/A,6,0,0,0,0,
06/27/2025,8,3FGD11,N/A,N/A,7,0,0,0,0,
06/27/2025,8,3FGD12,N/A,N/A,8,0,0,0,0,
06/27/2025,8,3FGD21,N/A,N/A,7,0,0,0,0,
06/27/2025,8,3FGD22,N/A,N/A,9,0,0,0,0,
06/27/2025,8,3FLD11,N/A,N/A,9,0,0,0,0,
06/27/2025,8,3FLD12,N/A,N/A,9,0,0,0,0,
06/27/2025,8,3FLD21,N/A,N/A,8,0,0,0,0,
06/27/2025,8,3FLD22,N/A,N/A,6,0,0,0,0,
06/28/2025,9,4FC31,N/A,N/A,5,0,0,0,0,
06/28/2025,9,4FC32,N/A,N/A,5,0,0,0,0,
06/28/2025,9,4FGD11,N/A,N/A,6,0,0,1,0,
06/28/2025,9,4FGD12,N/A,N/A,6,0,0,0,0,
06/28/2025,9,4FGD21,N/A,N/A,5,0,0,0,0,
06/28/2025,9,4FGD22,N/A,N/A,6,0,0,0,0,
06/28/2025,9,4FLD11,N/A,N/A,6,0,0,0,0,
06/28/2025,9,4FLD12,N/A,N/A,6,0,0,1,0,
06/28/2025,9,4FLD21,N/A,N/A,8,0,0,2,0,
06/28/2025,9,4FLD22,N/A,N/A,9,0,0,0,0,
06/28/2025,9,3FC11,N/A,N/A,7,0,0,0,0,
06/28/2025,9,3FC12,N/A,N/A,8,0,0,0,0,
06/28/2025,9,3FC31,N/A,N/A,7,0,0,0,0,
06/28/2025,9,3FC32,N/A,N/A,6,0,0,0,0,
06/28/2025,9,3FGD11,N/A,N/A,7,0,0,0,0,
06/28/2025,9,3FGD12,N/A,N/A,8,0,0,0,0,
06/28/2025,9,3FGD21,N/A,N/A,7,0,0,0,0,
06/28/2025,9,3FGD22,N/A,N/A,9,0,0,0,0,
06/28/2025,9,3FLD11,N/A,N/A,9,0,0,0,0,
06/28/2025,9,3FLD12,N/A,N/A,9,0,0,0,0,
06/28/2025,9,3FLD21,N/A,N/A,8,0,0,0,0,
06/28/2025,9,3FLD22,N/A,N/A,6,0,0,0,0,
06/29/2025,10,4FC31,N/A,N/A,4,1,0,0,0,
06/29/2025,10,4FC32,N/A,N/A,7,0,0,0,0,
06/29/2025,10,4FGD11,N/A,N/A,6,0,0,3,0,
06/29/2025,10,4FGD12,N/A,N/A,5,1,0,0,0,
06/29/2025,10,4FGD21,N/A,N/A,5,0,0,0,0,
06/29/2025,10,4FGD22,N/A,N/A,5,1,0,2,0,
06/29/2025,10,4FLD11,N/A,N/A,6,0,0,2,0,
06/29/2025,10,4FLD12,N/A,N/A,4,2,0,1,0,
06/29/2025,10,4FLD21,N/A,N/A,7,1,0,1,0,
06/29/2025,10,4FLD22,N/A,N/A,8,1,1,1,0,
06/29/2025,10,3FC11,N/A,N/A,6,1,0,0,0,
06/29/2025,10,3FC12,N/A,N/A,8,0,0,0,0,
06/29/2025,10,3FC31,N/A,N/A,7,0,0,0,0,
06/29/2025,10,3FC32,N/A,N/A,6,0,0,0,0,
06/29/2025,10,3FGD11,N/A,N/A,7,0,0,0,0,
06/29/2025,10,3FGD12,N/A,N/A,7,1,0,0,0,
06/29/2025,10,3FGD21,N/A,N/A,7,0,0,0,0,
06/29/2025,10,3FGD22,N/A,N/A,6,3,0,0,0,
06/29/2025,10,3FLD11,N/A,N/A,8,1,0,0,0,
06/29/2025,10,3FLD12,N/A,N/A,8,1,0,0,0,
06/29/2025,10,3FLD21,N/A,N/A,7,1,0,0,0,
06/29/2025,10,3FLD22,N/A,N/A,4,2,0,0,0,
06/30/2025,11,4FC31,N/A,N/A,3,1,0,1,0,
06/30/2025,11,4FC32,N/A,N/A,5,2,0,2,0,
06/30/2025,11,4FGD11,N/A,N/A,5,1,0,4,0,
06/30/2025,11,4FGD12,N/A,N/A,2,3,0,1,0,
06/30/2025,11,4FGD21,N/A,N/A,4,1,0,1,0,
06/30/2025,11,4FGD22,N/A,N/A,3,2,0,2,0,
06/30/2025,11,4FLD11,N/A,N/A,6,0,0,4,0,
06/30/2025,11,4FLD12,N/A,N/A,3,1,0,1,0,
06/30/2025,11,4FLD21,N/A,N/A,7,0,0,2,0,*death=failed pupa
06/30/2025,11,4FLD22,N/A,N/A,6,2,0,2,0,
06/30/2025,11,3FC11,N/A,N/A,5,1,0,1,0,
06/30/2025,11,3FC12,N/A,N/A,6,2,0,0,0,
06/30/2025,11,3FC31,N/A,N/A,5,2,0,1,0,
06/30/2025,11,3FC32,N/A,N/A,5,1,0,0,0,
06/30/2025,11,3FGD11,N/A,N/A,5,2,0,1,0,
06/30/2025,11,3FGD12,N/A,N/A,5,2,0,0,0,
06/30/2025,11,3FGD21,N/A,N/A,6,1,0,0,0,
06/30/2025,11,3FGD22,N/A,N/A,6,0,0,3,0,
06/30/2025,11,3FLD11,N/A,N/A,7,1,0,1,0,
06/30/2025,11,3FLD12,N/A,N/A,6,2,0,0,0,
06/30/2025,11,3FLD21,N/A,N/A,4,3,0,0,0,
06/30/2025,11,3FLD22,N/A,N/A,4,0,0,0,0,
07/01/2025,12,4FC31,N/A,N/A,3,0,0,2,0,
07/01/2025,12,4FC32,N/A,N/A,3,2,0,2,0,
07/01/2025,12,4FGD11,N/A,N/A,5,0,0,4,0,
07/01/2025,12,4FGD12,N/A,N/A,2,0,0,1,0,
07/01/2025,12,4FGD21,N/A,N/A,4,0,0,2,0,
07/01/2025,12,4FGD22,N/A,N/A,2,1,0,2,0,
07/01/2025,12,4FLD11,N/A,N/A,6,0,0,6,0,
07/01/2025,12,4FLD12,N/A,N/A,3,0,0,1,0,
07/01/2025,12,4FLD21,N/A,N/A,5,2,0,2,0,
07/01/2025,12,4FLD22,N/A,N/A,4,2,0,4,0,
07/01/2025,12,3FC11,N/A,N/A,5,0,0,2,0,
07/01/2025,12,3FC12,N/A,N/A,6,0,0,5,0,
07/01/2025,12,3FC31,N/A,N/A,5,0,0,2,0,
07/01/2025,12,3FC32,N/A,N/A,4,1,0,2,0,
07/01/2025,12,3FGD11,N/A,N/A,5,0,0,3,0,
07/01/2025,12,3FGD12,N/A,N/A,5,0,0,2,0,
07/01/2025,12,3FGD21,N/A,N/A,6,0,0,1,0,
07/01/2025,12,3FGD22,N/A,N/A,6,0,0,3,0,
07/01/2025,12,3FLD11,N/A,N/A,7,0,0,4,0,
07/01/2025,12,3FLD12,N/A,N/A,5,1,0,3,0,
07/01/2025,12,3FLD21,N/A,N/A,4,0,0,0,0,
07/01/2025,12,3FLD22,N/A,N/A,4,1,0,2,0,
07/02/2025,13,4FC31,N/A,N/A,3,0,0,2,0,
07/02/2025,13,4FC32,N/A,N/A,3,0,0,2,0,
07/02/2025,13,4FGD11,N/A,N/A,4,1,0,4,0,
07/02/2025,13,4FGD12,N/A,N/A,2,0,0,1,0,
07/02/2025,13,4FGD21,N/A,N/A,3,1,0,2,0,
07/02/2025,13,4FGD22,N/A,N/A,2,0,0,2,0,
07/02/2025,13,4FLD11,N/A,N/A,6,0,0,6,0,
07/02/2025,13,4FLD12,N/A,N/A,2,1,0,1,0,
07/02/2025,13,4FLD21,N/A,N/A,4,1,0,3,0,
07/02/2025,13,4FLD22,N/A,N/A,4,0,0,4,0,
07/02/2025,13,3FC11,N/A,N/A,5,0,0,3,0,
07/02/2025,13,3FC12,N/A,N/A,5,1,0,4,0,
07/02/2025,13,3FC31,N/A,N/A,4,1,0,1,0,
07/02/2025,13,3FC32,N/A,N/A,4,0,0,3,0,
07/02/2025,13,3FGD11,N/A,N/A,5,0,0,5,0,
07/02/2025,13,3FGD12,N/A,N/A,5,0,0,3,0,
07/02/2025,13,3FGD21,N/A,N/A,6,0,0,4,0,
07/02/2025,13,3FGD22,N/A,N/A,6,0,0,5,0,
07/02/2025,13,3FLD11,N/A,N/A,6,1,0,3,0,
07/02/2025,13,3FLD12,N/A,N/A,5,2,0,2,0,
07/02/2025,13,3FLD21,N/A,N/A,4,0,0,0,0,
07/02/2025,13,3FLD22,N/A,N/A,4,0,0,2,0,
07/03/2025,13,4FC31,N/A,N/A,3,0,0,3,0,
07/03/2025,13,4FC32,N/A,N/A,3,0,0,2,0,
07/03/2025,13,4FGD11,N/A,N/A,4,0,0,3,1,
07/03/2025,13,4FGD12,N/A,N/A,2,0,0,1,0,
07/03/2025,13,4FGD21,N/A,N/A,3,0,0,2,0,
07/03/2025,13,4FGD22,N/A,N/A,2,0,0,2,0,
07/03/2025,13,4FLD11,N/A,N/A,6,0,0,6,0,
07/03/2025,13,4FLD12,N/A,N/A,2,0,0,1,1,
07/03/2025,13,4FLD21,N/A,N/A,3,1,0,3,0,
07/03/2025,13,4FLD22,N/A,N/A,4,0,0,4,0,
07/03/2025,13,3FC11,N/A,N/A,5,0,0,3,0,"*Emma stabbed on by mistake, I swear, it did not die organically"
07/03/2025,13,3FC12,N/A,N/A,5,0,0,4,0,
07/03/2025,13,3FC31,N/A,N/A,4,0,0,1,0,
07/03/2025,13,3FC32,N/A,N/A,3,1,0,3,0,
07/03/2025,13,3FGD11,N/A,N/A,5,0,0,5,0,
07/03/2025,13,3FGD12,N/A,N/A,5,0,0,3,0,
07/03/2025,13,3FGD21,N/A,N/A,6,0,0,4,0,
07/03/2025,13,3FGD22,N/A,N/A,6,0,0,6,0,
07/03/2025,13,3FLD11,N/A,N/A,6,0,0,4,0,
07/03/2025,13,3FLD12,N/A,N/A,5,0,0,3,0,
07/03/2025,13,3FLD21,N/A,N/A,4,0,0,0,0,
07/03/2025,13,3FLD22,N/A,N/A,4,0,0,3,0,
07/04/2025,14,4FC31,N/A,N/A,2,1,0,2,0,*dead pupa
07/04/2025,14,4FC32,N/A,N/A,3,0,0,3,0,
07/04/2025,14,4FGD11,N/A,N/A,4,0,0,3,1,
07/04/2025,14,4FGD12,N/A,N/A,2,0,0,1,0,
07/04/2025,14,4FGD21,N/A,N/A,3,0,0,3,0,
07/04/2025,14,4FGD22,N/A,N/A,2,0,0,2,0,
07/04/2025,14,4FLD11,N/A,N/A,6,0,0,6,0,
07/04/2025,14,4FLD12,N/A,N/A,2,1,0,0,1,
07/04/2025,14,4FLD21,N/A,N/A,3,0,0,2,0,*black sclerotized pupa
07/04/2025,14,4FLD22,N/A,N/A,4,0,0,4,0,
07/04/2025,14,3FC11,N/A,N/A,5,0,0,4,0,
07/04/2025,14,3FC12,N/A,N/A,4,1,0,3,0,
07/04/2025,14,3FC31,N/A,N/A,4,0,0,1,0,
07/04/2025,14,3FC32,N/A,N/A,3,0,0,3,0,
07/04/2025,14,3FGD11,N/A,N/A,5,0,0,5,0,
07/04/2025,14,3FGD12,N/A,N/A,4,1,0,3,0,
07/04/2025,14,3FGD21,N/A,N/A,6,0,0,5,0,
07/04/2025,14,3FGD22,N/A,N/A,6,0,0,6,0,
07/04/2025,14,3FLD11,N/A,N/A,5,1,0,5,0,
07/04/2025,14,3FLD12,N/A,N/A,5,0,0,4,0,
07/04/2025,14,3FLD21,N/A,N/A,4,0,0,3,0,
07/04/2025,14,3FLD22,N/A,N/A,4,0,0,1,0,
07/05/2025,15,4FC31,N/A,N/A,2,0,0,2,0,
07/05/2025,15,4FC32,N/A,N/A,3,0,0,2,1,
07/05/2025,15,4FGD11,N/A,N/A,4,0,0,1,3,
07/05/2025,15,4FGD12,N/A,N/A,1,1,0,1,0,
07/05/2025,15,4FGD21,N/A,N/A,3,0,0,3,0,
07/05/2025,15,4FGD22,N/A,N/A,2,0,0,1,1,
07/05/2025,15,4FLD11,N/A,N/A,6,0,0,3,3,
07/05/2025,15,4FLD12,N/A,N/A,2,0,0,0,1,
07/05/2025,15,4FLD21,N/A,N/A,3,0,0,2,0,
07/05/2025,15,4FLD22,N/A,N/A,4,0,0,3,1,
07/05/2025,15,3FC11,N/A,N/A,5,0,0,4,0,
07/05/2025,15,3FC12,N/A,N/A,4,0,0,3,0,
07/05/2025,15,3FC31,N/A,N/A,4,0,0,1,0,
07/05/2025,15,3FC32,N/A,N/A,3,0,0,3,0,
07/05/2025,15,3FGD11,N/A,N/A,5,0,0,5,0,
07/05/2025,15,3FGD12,N/A,N/A,4,0,0,3,0,
07/05/2025,15,3FGD21,N/A,N/A,6,0,0,5,0,
07/05/2025,15,3FGD22,N/A,N/A,6,0,0,5,1,
07/05/2025,15,3FLD11,N/A,N/A,5,0,0,4,1,
07/05/2025,15,3FLD12,N/A,N/A,5,0,0,4,0,
07/05/2025,15,3FLD21,N/A,N/A,4,0,0,3,0,
07/05/2025,15,3FLD22,N/A,N/A,4,0,0,1,0,
07/06/2025,16,4FC31,N/A,N/A,2,0,0,1,1,
07/06/2025,16,4FC32,N/A,N/A,3,0,0,1,2,
07/06/2025,16,4FGD11,N/A,N/A,4,0,0,0,4,
07/06/2025,16,4FGD12,N/A,N/A,1,0,0,1,0,
07/06/2025,16,4FGD21,N/A,N/A,3,0,0,2,1,
07/06/2025,16,4FGD22,N/A,N/A,2,0,0,1,1,
07/06/2025,16,4FLD11,N/A,N/A,6,0,0,0,6,
07/06/2025,16,4FLD12,N/A,N/A,1,1,0,0,0,
07/06/2025,16,4FLD21,N/A,N/A,2,1,0,1,1,
07/06/2025,16,4FLD22,N/A,N/A,4,0,0,2,2,
07/06/2025,16,3FC11,N/A,N/A,5,0,0,4,0,
07/06/2025,16,3FC12,N/A,N/A,3,1,0,2,1,
07/06/2025,16,3FC31,N/A,N/A,4,0,0,4,0,
07/06/2025,16,3FC32,N/A,N/A,3,0,0,3,0,
07/06/2025,16,3FGD11,N/A,N/A,5,0,0,4,1,
07/06/2025,16,3FGD12,N/A,N/A,3,1,0,3,0,
07/06/2025,16,3FGD21,N/A,N/A,6,0,0,6,0,
07/06/2025,16,3FGD22,N/A,N/A,6,0,0,3,2,
07/06/2025,16,3FLD11,N/A,N/A,5,0,0,3,2,
07/06/2025,16,3FLD12,N/A,N/A,4,0,0,4,0,
07/06/2025,16,3FLD21,N/A,N/A,4,0,0,1,0,
07/06/2025,16,3FLD22,N/A,N/A,4,0,0,3,1,
07/07/2025,17,3FC11,N/A,N/A,4,1,0,3,0,
07/07/2025,17,3FC12,N/A,N/A,3,0,0,1,2,
07/07/2025,17,3FC31,N/A,N/A,4,0,0,3,1,
07/07/2025,17,3FC32,N/A,N/A,3,0,0,1,2,
07/07/2025,17,3FGD11,N/A,N/A,5,0,0,2,3,
07/07/2025,17,3FGD12,N/A,N/A,2,1,0,0,2,blackened pupa death (face + legs)
07/07/2025,17,3FGD21,N/A,N/A,6,0,0,5,1,
07/07/2025,17,3FGD22,N/A,N/A,6,0,0,3,3,
07/07/2025,17,3FLD11,N/A,N/A,5,0,0,2,3,
07/07/2025,17,3FLD12,N/A,N/A,4,1,0,2,2,blackened pupa death (face + legs)
07/07/2025,17,3FLD21,N/A,N/A,4,0,0,1,0,
07/07/2025,17,3FLD22,N/A,N/A,4,0,0,2,2,
07/07/2025,17,4FC31,N/A,N/A,3,0,0,1,2,
07/07/2025,17,4FC32,N/A,N/A,1,1,0,1,0,adult death
07/07/2025,17,4FGD11,N/A,N/A,4,0,0,0,4,
07/07/2025,17,4FGD12,N/A,N/A,1,0,0,1,0,
07/07/2025,17,4FGD21,N/A,N/A,4,0,0,2,2,
07/07/2025,17,4FGD22,N/A,N/A,0,1,0,0,0,pupation death
07/07/2025,17,4FLD11,N/A,N/A,5,1,0,0,5,adult death
07/07/2025,17,4FLD12,N/A,N/A,1,0,0,0,0,
07/07/2025,17,4FLD21,N/A,N/A,2,0,0,0,1,
07/07/2025,17,4FLD22,N/A,N/A,4,0,0,0,4,
07/08/2025,18,3FC11,N/A,N/A,3,1,0,2,0,
07/08/2025,18,3FC12,N/A,N/A,3,0,0,0,3,
07/08/2025,18,3FC31,N/A,N/A,4,0,0,3,1,
07/08/2025,18,3FC32,N/A,N/A,3,0,0,0,3,
07/08/2025,18,3FGD11,N/A,N/A,5,0,0,0,5,
07/08/2025,18,3FGD12,N/A,N/A,2,0,0,0,2,
07/08/2025,18,3FGD21,N/A,N/A,4,2,0,2,2,"1 adult (recently pupated) death, 1 pupa death"
07/08/2025,18,3FGD22,N/A,N/A,6,0,0,1,5,
07/08/2025,18,3FLD11,N/A,N/A,5,0,0,2,3,
07/08/2025,18,3FLD12,N/A,N/A,4,0,0,2,2,
07/08/2025,18,3FLD21,N/A,N/A,4,0,0,2,0,
07/08/2025,18,3FLD22,N/A,N/A,4,0,0,2,2,
07/08/2025,18,4FC31,N/A,N/A,2,1,0,1,1,
07/08/2025,18,4FC32,N/A,N/A,1,0,0,1,0,
07/08/2025,18,4FGD11,N/A,N/A,4,0,0,0,4,
07/08/2025,18,4FGD12,N/A,N/A,1,0,0,0,1,
07/08/2025,18,4FGD21,N/A,N/A,4,0,0,2,2,
07/08/2025,18,4FGD22,N/A,N/A,0,0,0,0,0, 
07/08/2025,18,4FLD11,N/A,N/A,6,0,0,0,6,
07/08/2025,18,4FLD12,N/A,N/A,1,0,0,0,0,
07/08/2025,18,4FLD21,N/A,N/A,2,0,0,0,1,
07/08/2025,18,4FLD22,N/A,N/A,4,0,0,0,4,
07/09/2025,19,3FC11,N/A,N/A,3,0,0,1,1,
07/09/2025,19,3FC12,N/A,N/A,3,0,0,0,3,
07/09/2025,19,3FC31,N/A,N/A,4,0,0,3,1,
07/09/2025,19,3FC32,N/A,N/A,3,0,0,0,3,
07/09/2025,19,3FGD11,N/A,N/A,5,0,0,0,5,
07/09/2025,19,3FGD12,N/A,N/A,2,0,0,0,2,
07/09/2025,19,3FGD21,N/A,N/A,4,0,0,2,2,
07/09/2025,19,3FGD22,N/A,N/A,6,0,0,0,6,
07/09/2025,19,3FLD11,N/A,N/A,5,0,0,2,3,
07/09/2025,19,3FLD12,N/A,N/A,4,0,0,1,3,
07/09/2025,19,3FLD21,N/A,N/A,4,0,0,2,0,
07/09/2025,19,3FLD22,N/A,N/A,4,0,0,2,2,
07/09/2025,19,4FC31,N/A,N/A,2,0,0,0,2,
07/09/2025,19,4FC32,N/A,N/A,1,0,0,1,0,
07/09/2025,19,4FGD11,N/A,N/A,4,0,0,0,4,
07/09/2025,19,4FGD12,N/A,N/A,1,0,0,1,0,
07/09/2025,19,4FGD21,N/A,N/A,4,0,0,2,2,
07/09/2025,19,4FGD22,N/A,N/A,0,0,0,0,0,
07/09/2025,19,4FLD11,N/A,N/A,6,0,0,0,6,
07/09/2025,19,4FLD12,N/A,N/A,1,0,0,0,0,
07/09/2025,19,4FLD21,N/A,N/A,2,0,0,0,1,
07/09/2025,19,4FLD22,N/A,N/A,4,0,0,0,4,
07/10/2025,20,3FC11,N/A,N/A,3,0,0,1,1,
07/10/2025,20,3FC12,N/A,N/A,2,1,0,0,2,
07/10/2025,20,3FC31,N/A,N/A,4,0,0,3,1,
07/10/2025,20,3FC32,N/A,N/A,3,0,0,0,3,
07/10/2025,20,3FGD11,N/A,N/A,5,0,0,0,5,
07/10/2025,20,3FGD12,N/A,N/A,2,0,0,0,2,
07/10/2025,20,3FGD21,N/A,N/A,4,0,0,2,2,
07/10/2025,20,3FGD22,N/A,N/A,6,0,0,0,6,
07/10/2025,20,3FLD11,N/A,N/A,5,0,0,1,4,"*the adult that just emerged looked like it was on the verge of death, slow moving, slightly indented wings "
07/10/2025,20,3FLD12,N/A,N/A,4,0,0,0,4,
07/10/2025,20,3FLD21,N/A,N/A,4,0,0,1,1,
07/10/2025,20,3FLD22,N/A,N/A,4,0,0,2,2,
07/10/2025,20,4FC31,N/A,N/A,2,0,0,0,2,
07/10/2025,20,4FC32,N/A,N/A,1,0,0,0,1,
07/10/2025,20,4FGD11,N/A,N/A,4,0,0,0,4,
07/10/2025,20,4FGD12,N/A,N/A,1,0,0,1,0,
07/10/2025,20,4FGD21,N/A,N/A,4,0,0,2,2,
07/10/2025,20,4FGD22,N/A,N/A,0,0,0,0,0,
07/10/2025,20,4FLD11,N/A,N/A,6,0,0,0,6,
07/10/2025,20,4FLD12,N/A,N/A,1,0,0,0,0,
07/10/2025,20,4FLD21,N/A,N/A,2,0,0,0,1,
07/10/2025,20,4FLD22,N/A,N/A,4,0,0,0,4,
07/11/2025,21,3FC11,N/A,N/A,2,1,0,0,1,
07/11/2025,21,3FC12,N/A,N/A,2,0,0,0,2,
07/11/2025,21,3FC31,N/A,N/A,3,1,0,1,2,*died as black pupa 
07/11/2025,21,3FC32,N/A,N/A,3,0,0,0,3,
07/11/2025,21,3FGD11,N/A,N/A,5,0,0,0,5,
07/11/2025,21,3FGD12,N/A,N/A,2,0,0,0,2,
07/11/2025,21,3FGD21,N/A,N/A,4,0,0,0,4,
07/11/2025,21,3FGD22,N/A,N/A,6,0,0,0,6,
07/11/2025,21,3FLD11,N/A,N/A,5,0,0,1,4,
07/11/2025,21,3FLD12,N/A,N/A,4,0,0,0,4,
07/11/2025,21,3FLD21,N/A,N/A,4,0,0,1,1,
07/11/2025,21,3FLD22,N/A,N/A,4,0,0,2,2,
07/11/2025,21,4FC31,N/A,N/A,2,0,0,0,2,
07/11/2025,21,4FC32,N/A,N/A,1,0,0,0,1,
07/11/2025,21,4FGD11,N/A,N/A,4,0,0,0,4,
07/11/2025,21,4FGD12,N/A,N/A,1,0,0,0,1,
07/11/2025,21,4FGD21,N/A,N/A,4,0,0,2,2,
07/11/2025,21,4FGD22,N/A,N/A,0,0,0,0,0,
07/11/2025,21,4FLD11,N/A,N/A,6,0,0,0,6,
07/11/2025,21,4FLD12,N/A,N/A,1,0,0,0,0,
07/11/2025,21,4FLD21,N/A,N/A,2,0,0,0,1,
07/11/2025,21,4FLD22,N/A,N/A,4,0,0,0,4,
07/12/2025,22,3FC11,N/A,N/A,2,0,0,0,1,
07/12/2025,22,3FC12,N/A,N/A,2,0,0,0,2,
07/12/2025,22,3FC31,N/A,N/A,3,0,0,0,3,
07/12/2025,22,3FC32,N/A,N/A,2,1,0,0,2,adult death
07/12/2025,22,3FGD11,N/A,N/A,5,0,0,0,5,
07/12/2025,22,3FGD12,N/A,N/A,2,0,0,0,2,
07/12/2025,22,3FGD21,N/A,N/A,4,0,0,0,4,
07/12/2025,22,3FGD22,N/A,N/A,5,1,0,0,5,adult death 
07/12/2025,22,3FLD11,N/A,N/A,4,1,0,0,4,failed pupation 
07/12/2025,22,3FLD12,N/A,N/A,3,1,0,0,3,adult death 
07/12/2025,22,3FLD21,N/A,N/A,4,0,0,2,1,
07/12/2025,22,3FLD22,N/A,N/A,3,1,0,1,2,failed pupation
07/12/2025,22,4FC31,N/A,N/A,2,0,0,0,2,
07/12/2025,22,4FC32,N/A,N/A,1,0,0,0,1,
07/12/2025,22,4FGD11,N/A,N/A,4,0,0,0,4,
07/12/2025,22,4FGD12,N/A,N/A,1,0,0,0,1,
07/12/2025,22,4FGD21,N/A,N/A,4,0,0,1,3,
07/12/2025,22,4FGD22,N/A,N/A,0,0,0,0,0,
07/12/2025,22,4FLD11,N/A,N/A,6,0,0,0,6,
07/12/2025,22,4FLD12,N/A,N/A,1,0,0,0,0,
07/12/2025,22,4FLD21,N/A,N/A,2,0,0,0,1,
07/12/2025,22,4FLD22,N/A,N/A,4,0,0,0,4,
07/13/2025,23,3FC11,N/A,N/A,2,0,0,0,1,*3FC1 eggs! 10
07/13/2025,23,3FC12,N/A,N/A,2,0,0,0,2,
07/13/2025,23,3FC31,N/A,N/A,2,1,0,0,2,adult death
07/13/2025,23,3FC32,N/A,N/A,2,0,0,0,2,
07/13/2025,23,3FGD11,N/A,N/A,5,0,0,0,5,
07/13/2025,23,3FGD12,N/A,N/A,2,0,0,0,2,
07/13/2025,23,3FGD21,N/A,N/A,4,0,0,0,4,
07/13/2025,23,3FGD22,N/A,N/A,5,0,0,0,5,
07/13/2025,23,3FLD11,N/A,N/A,3,1,0,0,3,adult death
07/13/2025,23,3FLD12,N/A,N/A,3,0,0,0,3,
07/13/2025,23,3FLD21,N/A,N/A,4,0,0,2,1,*3FLD2 eggs! 5
07/13/2025,23,3FLD22,N/A,N/A,3,0,0,0,3,
07/13/2025,23,4FC31,N/A,N/A,2,0,0,0,2,
07/13/2025,23,4FC32,N/A,N/A,1,0,0,0,1,
07/13/2025,23,4FGD11,N/A,N/A,4,0,0,0,4,
07/13/2025,23,4FGD12,N/A,N/A,1,0,0,0,1,
07/13/2025,23,4FGD21,N/A,N/A,4,0,0,1,3,
07/13/2025,23,4FGD22,N/A,N/A,0,0,0,0,0,
07/13/2025,23,4FLD11,N/A,N/A,6,0,0,0,6,
07/13/2025,23,4FLD12,N/A,N/A,1,0,0,0,0,
07/13/2025,23,4FLD21,N/A,N/A,2,0,0,0,1,*4FLD2 eggs! 1 egg mass of 15
07/13/2025,23,4FLD22,N/A,N/A,3,1,0,0,3,adult death
07/14/2025,24,3FC11,N/A,N/A,2,0,0,0,1,*3FC1 eggs! 15 
07/14/2025,24,3FC12,N/A,N/A,2,0,0,0,2,
07/14/2025,24,3FC31,N/A,N/A,2,0,0,0,2,
07/14/2025,24,3FC32,N/A,N/A,2,0,0,0,2,
07/14/2025,24,3FGD11,N/A,N/A,5,0,0,0,5,
07/14/2025,24,3FGD12,N/A,N/A,2,0,0,0,2,
07/14/2025,24,3FGD21,N/A,N/A,4,0,0,0,4,
07/14/2025,24,3FGD22,N/A,N/A,5,0,0,0,5,
07/14/2025,24,3FLD11,N/A,N/A,3,0,0,0,3,
07/14/2025,24,3FLD12,N/A,N/A,3,0,0,0,3,
07/14/2025,24,3FLD21,N/A,N/A,4,0,0,1,2,
07/14/2025,24,3FLD22,N/A,N/A,3,0,0,0,3,
07/14/2025,24,4FC31,N/A,N/A,2,0,0,0,2,
07/14/2025,24,4FC32,N/A,N/A,1,0,0,0,1,
07/14/2025,24,4FGD11,N/A,N/A,4,0,0,0,4,
07/14/2025,24,4FGD12,N/A,N/A,1,0,0,0,1,
07/14/2025,24,4FGD21,N/A,N/A,2,2,0,0,2,"1 adult death, 1 pupa death"
07/14/2025,24,4FGD22,N/A,N/A,0,0,0,0,0,
07/14/2025,24,4FLD11,N/A,N/A,6,0,0,0,6,
07/14/2025,24,4FLD12,N/A,N/A,1,0,0,0,0,
07/14/2025,24,4FLD21,N/A,N/A,2,0,0,0,1,*4FLD2 eggs! 2 egg masses (18 and 27 each) (saved)
07/14/2025,24,4FLD22,N/A,N/A,3,0,0,0,3,
07/15/2025,25,3FC11,N/A,N/A,2,0,0,0,1,*3FC1 eggs! 6
07/15/2025,25,3FC12,N/A,N/A,2,0,0,0,2,
07/15/2025,25,3FC31,N/A,N/A,2,0,0,0,2,
07/15/2025,25,3FC32,N/A,N/A,2,0,0,0,2,
07/15/2025,25,3FGD11,N/A,N/A,5,0,0,0,5,*3FGD1 eggs! 1 egg mass of 14 (saved)
07/15/2025,25,3FGD12,N/A,N/A,2,0,0,0,2,
07/15/2025,25,3FGD21,N/A,N/A,4,0,0,0,4,
07/15/2025,25,3FGD22,N/A,N/A,5,0,0,0,5,
07/15/2025,25,3FLD11,N/A,N/A,3,0,0,0,3,
07/15/2025,25,3FLD12,N/A,N/A,3,0,0,0,3,
07/15/2025,25,3FLD21,N/A,N/A,4,0,0,1,2,*3FLD2 eggs! 4
07/15/2025,25,3FLD22,N/A,N/A,3,0,0,0,3,
07/15/2025,25,4FC31,N/A,N/A,2,0,0,0,2,
07/15/2025,25,4FC32,N/A,N/A,1,0,0,0,1,
07/15/2025,25,4FGD11,N/A,N/A,4,0,0,0,4,
07/15/2025,25,4FGD12,N/A,N/A,1,0,0,0,1,
07/15/2025,25,4FGD21,N/A,N/A,2,0,0,0,2,
07/15/2025,25,4FGD22,N/A,N/A,0,0,0,0,0,
07/15/2025,25,4FLD11,N/A,N/A,6,0,0,0,6,
07/15/2025,25,4FLD12,N/A,N/A,1,0,0,0,0,
07/15/2025,25,4FLD21,N/A,N/A,2,0,0,0,1,
07/15/2025,25,4FLD22,N/A,N/A,3,0,0,0,3,
07/16/2025,26,3FC11,N/A,N/A,2,0,0,0,1,
07/16/2025,26,3FC12,N/A,N/A,2,0,0,0,2,
07/16/2025,26,3FC31,N/A,N/A,2,0,0,0,2,*3FC3 eggs! 3
07/16/2025,26,3FC32,N/A,N/A,2,0,0,0,2,
07/16/2025,26,3FGD11,N/A,N/A,5,0,0,0,5,*3FGD1 eggs! 1 egg mass of 9 (saved)
07/16/2025,26,3FGD12,N/A,N/A,2,0,0,0,2,
07/16/2025,26,3FGD21,N/A,N/A,4,0,0,0,4,
07/16/2025,26,3FGD22,N/A,N/A,5,0,0,0,5,
07/16/2025,26,3FLD11,N/A,N/A,3,0,0,0,3,
07/16/2025,26,3FLD12,N/A,N/A,3,0,0,0,3,
07/16/2025,26,3FLD21,N/A,N/A,4,0,0,1,2,
07/16/2025,26,3FLD22,N/A,N/A,3,0,0,0,3,
07/16/2025,26,4FC31,N/A,N/A,2,0,0,0,2,
07/16/2025,26,4FC32,N/A,N/A,1,0,0,0,1,
07/16/2025,26,4FGD11,N/A,N/A,4,0,0,0,4,
07/16/2025,26,4FGD12,N/A,N/A,1,0,0,0,1,
07/16/2025,26,4FGD21,N/A,N/A,2,0,0,0,2,
07/16/2025,26,4FGD22,N/A,N/A,0,0,0,0,0,
07/16/2025,26,4FLD11,N/A,N/A,6,0,0,0,6,
07/16/2025,26,4FLD12,N/A,N/A,1,0,0,0,0,
07/16/2025,26,4FLD21,N/A,N/A,2,0,0,0,1,*4FLD2 eggs! 1 egg mass of 25 (saved)
07/16/2025,26,4FLD22,N/A,N/A,3,0,0,0,3,
07/17/2025,27,3FC11,N/A,N/A,2,0,0,0,1,*3FC1 eggs! 2
07/17/2025,27,3FC12,N/A,N/A,2,0,0,0,2,
07/17/2025,27,3FC31,N/A,N/A,2,0,0,0,2,
07/17/2025,27,3FC32,N/A,N/A,2,0,0,0,2,
07/17/2025,27,3FGD11,N/A,N/A,5,0,0,0,5,*3FGD11 eggs! 1 egg mass of 32 (saved)
07/17/2025,27,3FGD12,N/A,N/A,2,0,0,0,2,
07/17/2025,27,3FGD21,N/A,N/A,4,0,0,0,4,
07/17/2025,27,3FGD22,N/A,N/A,5,0,0,0,5,
07/17/2025,27,3FLD11,N/A,N/A,3,0,0,0,3,
07/17/2025,27,3FLD12,N/A,N/A,2,1,0,0,2,adult death
07/17/2025,27,3FLD21,N/A,N/A,4,0,0,1,2,
07/17/2025,27,3FLD22,N/A,N/A,3,0,0,0,3,
07/17/2025,27,4FC31,N/A,N/A,2,0,0,0,2,
07/17/2025,27,4FC32,N/A,N/A,1,0,0,0,1,
07/17/2025,27,4FGD11,N/A,N/A,4,0,0,0,4,
07/17/2025,27,4FGD12,N/A,N/A,1,0,0,0,1,
07/17/2025,27,4FGD21,N/A,N/A,2,0,0,0,2,
07/17/2025,27,4FGD22,N/A,N/A,0,0,0,0,0,
07/17/2025,27,4FLD11,N/A,N/A,6,0,0,0,6,
07/17/2025,27,4FLD12,N/A,N/A,1,0,0,0,0,
07/17/2025,27,4FLD21,N/A,N/A,2,0,0,0,1,*4FLD2 eggs! 1 egg mass of 14 (saved)
07/17/2025,27,4FLD22,N/A,N/A,3,0,0,0,3,
07/18/2025,28,3FC11,N/A,N/A,2,0,0,0,1,*3FC1 evidence of eggs but eaten
07/18/2025,28,3FC12,N/A,N/A,2,0,0,0,2,
07/18/2025,28,3FC31,N/A,N/A,2,0,0,0,2,
07/18/2025,28,3FC32,N/A,N/A,2,0,0,0,2,
07/18/2025,28,3FGD11,N/A,N/A,5,0,0,0,5,
07/18/2025,28,3FGD12,N/A,N/A,2,0,0,0,2,
07/18/2025,28,3FGD21,N/A,N/A,4,0,0,0,4,
07/18/2025,28,3FGD22,N/A,N/A,5,0,0,0,5,
07/18/2025,28,3FLD11,N/A,N/A,3,0,0,0,3,
07/18/2025,28,3FLD12,N/A,N/A,2,0,0,0,2,
07/18/2025,28,3FLD21,N/A,N/A,4,0,0,1,2,
07/18/2025,28,3FLD22,N/A,N/A,3,0,0,0,3,
07/18/2025,28,4FC31,N/A,N/A,2,0,0,0,2,
07/18/2025,28,4FC32,N/A,N/A,1,0,0,0,1,
07/18/2025,28,4FGD11,N/A,N/A,4,0,0,0,4,
07/18/2025,28,4FGD12,N/A,N/A,1,0,0,0,1,
07/18/2025,28,4FGD21,N/A,N/A,2,0,0,0,2,
07/18/2025,28,4FGD22,N/A,N/A,0,0,0,0,0,
07/18/2025,28,4FLD11,N/A,N/A,5,1,0,0,5,
07/18/2025,28,4FLD12,N/A,N/A,1,0,0,0,0,
07/18/2025,28,4FLD21,N/A,N/A,2,0,0,0,1,
07/18/2025,28,4FLD22,N/A,N/A,2,1,0,0,2,
,,,,,,,,,,
07/20/2025,28,3FLD21,N/A,N/A,3,0,0,0,3,